Hour,GEN-ADJ Sum (MW)
20250101_0000,177.2
20250101_0100,177.2
20250101_0200,177.2
20250101_0300,177.2
20250101_0400,177.2
20250101_0500,177.2
20250101_0600,177.2
20250101_0700,177.2
20250101_0800,177.2
20250101_0900,177.2
20250101_1000,177.2
20250101_1100,177.2
20250101_1200,177.2
20250101_1300,177.2
20250101_1400,177.2
20250101_1500,177.2
20250101_1600,177.2
20250101_1700,177.2
20250101_1800,177.2
20250101_1900,177.2
20250101_2000,177.2
20250101_2100,177.2
20250101_2200,177.2
20250101_2300,177.2
20250102_0000,177.2
20250102_0100,177.2
20250102_0200,177.2
20250102_0300,177.2
20250102_0400,177.2
20250102_0500,177.2
20250102_0600,177.2
20250102_0700,177.2
20250102_0800,177.2
20250102_0900,177.2
20250102_1000,177.2
20250102_1100,177.2
20250102_1200,177.2
20250102_1300,177.2
20250102_1400,177.2
20250102_1500,177.2
20250102_1600,177.2
20250102_1700,177.2
20250102_1800,177.2
20250102_1900,177.2
20250102_2000,177.2
20250102_2100,177.2
20250102_2200,177.2
20250102_2300,177.2
20250103_0000,177.2
20250103_0100,177.2
20250103_0200,177.2
20250103_0300,177.2
20250103_0400,177.2
20250103_0500,177.2
20250103_0600,177.2
20250103_0700,177.2
20250103_0800,177.2
20250103_0900,177.2
20250103_1000,177.2
20250103_1100,177.2
20250103_1200,177.2
20250103_1300,177.2
20250103_1400,177.2
20250103_1500,177.2
20250103_1600,177.2
20250103_1700,177.2
20250103_1800,177.2
20250103_1900,177.2
20250103_2000,177.2
20250103_2100,177.2
20250103_2200,177.2
20250103_2300,177.2
20250104_0000,177.2
20250104_0100,177.2
20250104_0200,177.2
20250104_0300,177.2
20250104_0400,177.2
20250104_0500,177.2
20250104_0600,177.2
20250104_0700,177.2
20250104_0800,177.2
20250104_0900,177.2
20250104_1000,177.2
20250104_1100,177.2
20250104_1200,177.2
20250104_1300,177.2
20250104_1400,177.2
20250104_1500,177.2
20250104_1600,177.2
20250104_1700,177.2
20250104_1800,177.2
20250104_1900,177.2
20250104_2000,177.2
20250104_2100,177.2
20250104_2200,177.2
20250104_2300,177.2
20250105_0000,177.2
20250105_0100,177.2
20250105_0200,177.2
20250105_0300,177.2
20250105_0400,177.2
20250105_0500,177.2
20250105_0600,177.2
20250105_0700,177.2
20250105_0800,177.2
20250105_0900,177.2
20250105_1000,177.2
20250105_1100,177.2
20250105_1200,177.2
20250105_1300,177.2
20250105_1400,177.2
20250105_1500,177.2
20250105_1600,177.2
20250105_1700,177.2
20250105_1800,177.2
20250105_1900,177.2
20250105_2000,177.2
20250105_2100,177.2
20250105_2200,177.2
20250105_2300,177.2
20250106_0000,177.2
20250106_0100,177.2
20250106_0200,177.2
20250106_0300,177.2
20250106_0400,177.2
20250106_0500,177.2
20250106_0600,177.2
20250106_0700,177.2
20250106_0800,177.2
20250106_0900,177.2
20250106_1000,177.2
20250106_1100,177.2
20250106_1200,177.2
20250106_1300,177.2
20250106_1400,177.1
20250106_1500,178.3
20250106_1600,0
20250106_1700,178.2
20250106_1800,0
20250106_1900,0
20250106_2000,0
20250106_2100,178.3
20250106_2200,0
20250106_2300,0
20250107_0000,0
20250107_0100,0
20250107_0200,0
20250107_0300,0
20250107_0400,0
20250107_0500,0
20250107_0600,0
20250107_0700,0
20250107_0800,0
20250107_0900,0
20250107_1000,0
20250107_1100,178.2
20250107_1200,179
20250107_1300,178.4
20250107_1400,178.3
20250107_1500,178.1
20250107_1600,178.8
20250107_1700,178.8
20250107_1800,178.6
20250107_1900,178.6
20250107_2000,178.2
20250107_2100,179
20250107_2200,178.2
20250107_2300,178.6
20250108_0000,178.4
20250108_0100,178.3
20250108_0200,178.1
20250108_0300,178.2
20250108_0400,178
20250108_0500,178.4
20250108_0600,178.8
20250108_0700,178.6
20250108_0800,178.7
20250108_0900,178.3
20250108_1000,178.6
20250108_1100,178.4
20250108_1200,178.4
20250108_1300,178.9
20250108_1400,178
20250108_1500,178.8
20250108_1600,178.6
20250108_1700,178.4
20250108_1800,178.6
20250108_1900,178.5
20250108_2000,178.5
20250108_2100,178.4
20250108_2200,178.8
20250108_2300,0
20250109_0000,0
20250109_0100,0
20250109_0200,0
20250109_0300,0
20250109_0400,0
20250109_0500,0
20250109_0600,0
20250109_0700,0
20250109_0800,0
20250109_0900,0
20250109_1000,178.2
20250109_1100,0
20250109_1200,178.2
20250109_1300,0
20250109_1400,0
20250109_1500,0
20250109_1600,0
20250109_1700,0
20250109_1800,0
20250109_1900,0
20250109_2000,0
20250109_2100,0
20250109_2200,0
20250109_2300,0
20250110_0000,0
20250110_0100,0
20250110_0200,0
20250110_0300,178.2
20250110_0400,178.1
20250110_0500,178.6
20250110_0600,178.3
20250110_0700,178.2
20250110_0800,178.1
20250110_0900,178.1
20250110_1000,0
20250110_1100,0
20250110_1200,178.8
20250110_1300,178.3
20250110_1400,178.3
20250110_1500,178.4
20250110_1600,0
20250110_1700,0
20250110_1800,0
20250110_1900,0
20250110_2000,0
20250110_2100,0
20250110_2200,0
20250110_2300,0
20250111_0000,0
20250111_0100,177.5
20250111_0200,177.5
20250111_0300,177.2
20250111_0400,177.2
20250111_0500,177.2
20250111_0600,177.2
20250111_0700,177.2
20250111_0800,177.2
20250111_0900,177.2
20250111_1000,177.2
20250111_1100,177.2
20250111_1200,177.2
20250111_1300,177.2
20250111_1400,177.2
20250111_1500,177.2
20250111_1600,177.2
20250111_1700,177.2
20250111_1800,177.2
20250111_1900,177.2
20250111_2000,177.2
20250111_2100,177.2
20250111_2200,177.2
20250111_2300,177.2
20250112_0000,177.2
20250112_0100,177.2
20250112_0200,177.2
20250112_0300,177.2
20250112_0400,177.2
20250112_0500,177.2
20250112_0600,177.2
20250112_0700,177.2
20250112_0800,177.2
20250112_0900,177.3
20250112_1000,177.3
20250112_1100,0
20250112_1200,0
20250112_1300,0
20250112_1400,0
20250112_1500,0
20250112_1600,0
20250112_1700,0
20250112_1800,0
20250112_1900,0
20250112_2000,178.6
20250112_2100,178.6
20250112_2200,178.5
20250112_2300,178.6
20250113_0000,178.3
20250113_0100,178.2
20250113_0200,0
20250113_0300,0
20250113_0400,178.4
20250113_0500,0
20250113_0600,0
20250113_0700,0
20250113_0800,0
20250113_0900,0
20250113_1000,0
20250113_1100,0
20250113_1200,0
20250113_1300,0
20250113_1400,178.4
20250113_1500,178.5
20250113_1600,178.3
20250113_1700,178.4
20250113_1800,178.2
20250113_1900,178.2
20250113_2000,178.8
20250113_2100,178.7
20250113_2200,179
20250113_2300,0
20250114_0000,178.7
20250114_0100,178.5
20250114_0200,178.7
20250114_0300,0
20250114_0400,0
20250114_0500,178.8
20250114_0600,178.5
20250114_0700,178.9
20250114_0800,178.3
20250114_0900,178.7
20250114_1000,178.9
20250114_1100,0
20250114_1200,178.1
20250114_1300,178.3
20250114_1400,179
20250114_1500,178.4
20250114_1600,179.7
20250114_1700,178.2
20250114_1800,178.8
20250114_1900,178.2
20250114_2000,178.3
20250114_2100,0
20250114_2200,0
20250114_2300,178.2
20250115_0000,178.2
20250115_0100,178.6
20250115_0200,178.4
20250115_0300,178.5
20250115_0400,178.7
20250115_0500,178.8
20250115_0600,178.5
20250115_0700,178.6
20250115_0800,178.7
20250115_0900,178.3
20250115_1000,178.6
20250115_1100,178.9
20250115_1200,178.7
20250115_1300,178.5
20250115_1400,178.3
20250115_1500,178.3
20250115_1600,178.8
20250115_1700,178.8
20250115_1800,178.3
20250115_1900,0
20250115_2000,0
20250115_2100,179
20250115_2200,178.6
20250115_2300,178.5
20250116_0000,178.5
20250116_0100,178.6
20250116_0200,178.7
20250116_0300,179
20250116_0400,178.7
20250116_0500,178.9
20250116_0600,178.7
20250116_0700,178.4
20250116_0800,178.5
20250116_0900,178.5
20250116_1000,0
20250116_1100,0
20250116_1200,0
20250116_1300,0
20250116_1400,0
20250116_1500,0
20250116_1600,0
20250116_1700,0
20250116_1800,0
20250116_1900,0
20250116_2000,0
20250116_2100,0
20250116_2200,0
20250116_2300,177.3
20250117_0000,177
20250117_0100,177.2
20250117_0200,177.2
20250117_0300,177.2
20250117_0400,177.2
20250117_0500,177.2
20250117_0600,177.2
20250117_0700,177.2
20250117_0800,177.2
20250117_0900,177.2
20250117_1000,177.2
20250117_1100,177.2
20250117_1200,177.2
20250117_1300,177.2
20250117_1400,177.2
20250117_1500,177.2
20250117_1600,177.2
20250117_1700,177.2
20250117_1800,177.2
20250117_1900,177.2
20250117_2000,177.2
20250117_2100,177.2
20250117_2200,177.2
20250117_2300,177.2
20250118_0000,177.2
20250118_0100,177.2
20250118_0200,177.2
20250118_0300,177.2
20250118_0400,177.2
20250118_0500,177.2
20250118_0600,177.2
20250118_0700,177.2
20250118_0800,177.2
20250118_0900,177.2
20250118_1000,177.2
20250118_1100,177.2
20250118_1200,177.2
20250118_1300,177.2
20250118_1400,177.2
20250118_1500,177.2
20250118_1600,177.2
20250118_1700,177.2
20250118_1800,177.2
20250118_1900,177.2
20250118_2000,177.2
20250118_2100,177.2
20250118_2200,177.2
20250118_2300,177.2
20250119_0000,177.2
20250119_0100,177.2
20250119_0200,177.2
20250119_0300,177.2
20250119_0400,177.2
20250119_0500,177.2
20250119_0600,177.2
20250119_0700,177.2
20250119_0800,177.2
20250119_0900,177.2
20250119_1000,177.2
20250119_1100,177.2
20250119_1200,177.2
20250119_1300,177.2
20250119_1400,177.2
20250119_1500,177.2
20250119_1600,177.2
20250119_1700,177.2
20250119_1800,177.2
20250119_1900,177.2
20250119_2000,177.2
20250119_2100,177.2
20250119_2200,177.2
20250119_2300,177.2
20250120_0000,177.2
20250120_0100,177.2
20250120_0200,177.2
20250120_0300,177.2
20250120_0400,177.2
20250120_0500,177.2
20250120_0600,177.2
20250120_0700,177.2
20250120_0800,177.2
20250120_0900,177.2
20250120_1000,177.2
20250120_1100,178.3
20250120_1200,178.2
20250120_1300,0
20250120_1400,0
20250120_1500,0
20250120_1600,0
20250120_1700,0
20250120_1800,0
20250120_1900,0
20250120_2000,178.1
20250120_2100,178.5
20250120_2200,178.8
20250120_2300,178.9
20250121_0000,178.4
20250121_0100,178.6
20250121_0200,178.4
20250121_0300,178.1
20250121_0400,178.8
20250121_0500,178.2
20250121_0600,178.3
20250121_0700,178.6
20250121_0800,178.2
20250121_0900,178.5
20250121_1000,178.5
20250121_1100,178.6
20250121_1200,178.8
20250121_1300,178.4
20250121_1400,0
20250121_1500,0
20250121_1600,0
20250121_1700,0
20250121_1800,178
20250121_1900,178.5
20250121_2000,178
20250121_2100,177.1
20250121_2200,178.6
20250121_2300,0
20250122_0000,177.5
20250122_0100,0
20250122_0200,0
20250122_0300,178.1
20250122_0400,0
20250122_0500,0
20250122_0600,0
20250122_0700,0
20250122_0800,0
20250122_0900,0
20250122_1000,0
20250122_1100,0
20250122_1200,0
20250122_1300,0
20250122_1400,0
20250122_1500,0
20250122_1600,0
20250122_1700,0
20250122_1800,0
20250122_1900,0
20250122_2000,0
20250122_2100,0
20250122_2200,0
20250122_2300,0
20250123_0000,0
20250123_0100,178.4
20250123_0200,178.2
20250123_0300,178.8
20250123_0400,178.5
20250123_0500,178.4
20250123_0600,178.8
20250123_0700,178.4
20250123_0800,179.1
20250123_0900,178.1
20250123_1000,178.5
20250123_1100,178.6
20250123_1200,178.5
20250123_1300,178.6
20250123_1400,179.2
20250123_1500,178.4
20250123_1600,178.6
20250123_1700,178.9
20250123_1800,178.3
20250123_1900,178.6
20250123_2000,178.1
20250123_2100,178.1
20250123_2200,0
20250123_2300,179
20250124_0000,178.9
20250124_0100,178.5
20250124_0200,178.6
20250124_0300,178.5
20250124_0400,178.9
20250124_0500,0
20250124_0600,0
20250124_0700,0
20250124_0800,0
20250124_0900,0
20250124_1000,0
20250124_1100,0
20250124_1200,0
20250124_1300,0
20250124_1400,0
20250124_1500,0
20250124_1600,0
20250124_1700,0
20250124_1800,0
20250124_1900,0
20250124_2000,0
20250124_2100,0
20250124_2200,0
20250124_2300,0
20250125_0000,0
20250125_0100,0
20250125_0200,0
20250125_0300,0
20250125_0400,0
20250125_0500,0
20250125_0600,0
20250125_0700,0
20250125_0800,0
20250125_0900,0
20250125_1000,0
20250125_1100,0
20250125_1200,0
20250125_1300,0
20250125_1400,178.6
20250125_1500,178.6
20250125_1600,179
20250125_1700,178.4
20250125_1800,178.4
20250125_1900,178.4
20250125_2000,178.4
20250125_2100,178.4
20250125_2200,178.4
20250125_2300,178.3
20250126_0000,178.5
20250126_0100,178.7
20250126_0200,178.5
20250126_0300,178.5
20250126_0400,0
20250126_0500,0
20250126_0600,178.6
20250126_0700,0
20250126_0800,178.7
20250126_0900,178.2
20250126_1000,178.7
20250126_1100,178.4
20250126_1200,178.5
20250126_1300,178.4
20250126_1400,178.7
20250126_1500,178.4
20250126_1600,178.1
20250126_1700,179
20250126_1800,178.5
20250126_1900,179.2
20250126_2000,178.6
20250126_2100,178.4
20250126_2200,178.9
20250126_2300,178.5
20250127_0000,178.4
20250127_0100,178.4
20250127_0200,178.4
20250127_0300,178.2
20250127_0400,178.8
20250127_0500,178.6
20250127_0600,178.5
20250127_0700,178.9
20250127_0800,178.9
20250127_0900,178.3
20250127_1000,178.4
20250127_1100,178.4
20250127_1200,178.9
20250127_1300,178.2
20250127_1400,178.6
20250127_1500,178.6
20250127_1600,179.8
20250127_1700,178.6
20250127_1800,178.4
20250127_1900,178.5
20250127_2000,179.1
20250127_2100,178.3
20250127_2200,178.6
20250127_2300,178.9
20250128_0000,0
20250128_0100,178.3
20250128_0200,178.1
20250128_0300,178.5
20250128_0400,178.2
20250128_0500,178.6
20250128_0600,178.9
20250128_0700,178.7
20250128_0800,178.7
20250128_0900,178.8
20250128_1000,178.6
20250128_1100,178.7
20250128_1200,178.3
20250128_1300,178.9
20250128_1400,178.5
20250128_1500,178.6
20250128_1600,178.4
20250128_1700,178.7
20250128_1800,178.9
20250128_1900,178.2
20250128_2000,178.5
20250128_2100,178.5
20250128_2200,178.5
20250128_2300,178.4
20250129_0000,0
20250129_0100,178.5
20250129_0200,0
20250129_0300,0
20250129_0400,0
20250129_0500,0
20250129_0600,0
20250129_0700,0
20250129_0800,0
20250129_0900,0
20250129_1000,178.5
20250129_1100,178.8
20250129_1200,0
20250129_1300,0
20250129_1400,0
20250129_1500,0
20250129_1600,0
20250129_1700,0
20250129_1800,178.2
20250129_1900,178.1
20250129_2000,178.2
20250129_2100,178.4
20250129_2200,178.5
20250129_2300,177
20250130_0000,178.2
20250130_0100,178.2
20250130_0200,176.9
20250130_0300,177.2
20250130_0400,177.2
20250130_0500,177.2
20250130_0600,177.2
20250130_0700,177.2
20250130_0800,177.2
20250130_0900,177.2
20250130_1000,177.2
20250130_1100,177.2
20250130_1200,177.2
20250130_1300,177.2
20250130_1400,177.2
20250130_1500,177.2
20250130_1600,177.2
20250130_1700,177.2
20250130_1800,177.2
20250130_1900,177.2
20250130_2000,177.2
20250130_2100,177.2
20250130_2200,177.2
20250130_2300,177.2
20250131_0000,177.2
20250131_0100,177.2
20250131_0200,177.2
20250131_0300,177.2
20250131_0400,177.2
20250131_0500,177.2
20250131_0600,177.2
20250131_0700,177.2
20250131_0800,177.2
20250131_0900,177.2
20250131_1000,177.2
20250131_1100,177.2
20250131_1200,177.2
20250131_1300,177.2
20250131_1400,177.2
20250131_1500,177.2
20250131_1600,177.2
20250131_1700,177.2
20250131_1800,177.2
20250131_1900,177.2
20250131_2000,177.2
20250131_2100,177.2
20250131_2200,177.2
20250131_2300,177.2
20250201_0000,177.2
20250201_0100,177.2
20250201_0200,177.2
20250201_0300,177.2
20250201_0400,177.2
20250201_0500,177.2
20250201_0600,177.2
20250201_0700,177.2
20250201_0800,177.2
20250201_0900,177.2
20250201_1000,177.2
20250201_1100,177.2
20250201_1200,177.2
20250201_1300,177.2
20250201_1400,177.2
20250201_1500,177.2
20250201_1600,177.2
20250201_1700,177.2
20250201_1800,177.2
20250201_1900,177.2
20250201_2000,177.2
20250201_2100,177.2
20250201_2200,177.2
20250201_2300,177.2
20250202_0000,177.2
20250202_0100,177.2
20250202_0200,177.2
20250202_0300,177.2
20250202_0400,177.2
20250202_0500,177.2
20250202_0600,177.2
20250202_0700,177.2
20250202_0800,177.2
20250202_0900,177.2
20250202_1000,177.2
20250202_1100,177.2
20250202_1200,177.2
20250202_1300,177.2
20250202_1400,177.2
20250202_1500,177.2
20250202_1600,177.2
20250202_1700,177.2
20250202_1800,177.2
20250202_1900,177.2
20250202_2000,177.2
20250202_2100,177.2
20250202_2200,177.2
20250202_2300,177.2
20250203_0000,177.2
20250203_0100,177.2
20250203_0200,177.2
20250203_0300,177.2
20250203_0400,177.2
20250203_0500,177.2
20250203_0600,177.2
20250203_0700,177.2
20250203_0800,177.2
20250203_0900,177.2
20250203_1000,177.2
20250203_1100,177.2
20250203_1200,177.2
20250203_1300,177.2
20250203_1400,177.2
20250203_1500,177.2
20250203_1600,177.2
20250203_1700,177.2
20250203_1800,177.2
20250203_1900,177.2
20250203_2000,177.2
20250203_2100,177.2
20250203_2200,177.2
20250203_2300,177.2
20250204_0000,177.2
20250204_0100,177.2
20250204_0200,177.2
20250204_0300,177.2
20250204_0400,177.2
20250204_0500,177.2
20250204_0600,177.2
20250204_0700,177.2
20250204_0800,177.2
20250204_0900,177.2
20250204_1000,177.2
20250204_1100,177.2
20250204_1200,177.2
20250204_1300,177.2
20250204_1400,177.2
20250204_1500,177.2
20250204_1600,177.2
20250204_1700,177.2
20250204_1800,177.2
20250204_1900,177.2
20250204_2000,177.2
20250204_2100,177.2
20250204_2200,177.2
20250204_2300,177.2
20250205_0000,177.2
20250205_0100,177.2
20250205_0200,177.2
20250205_0300,177.2
20250205_0400,177.2
20250205_0500,177.2
20250205_0600,177.2
20250205_0700,177.2
20250205_0800,177.2
20250205_0900,177.2
20250205_1000,177.5
20250205_1100,177.6
20250205_1200,0
20250205_1300,178.3
20250205_1400,0
20250205_1500,178.6
20250205_1600,0
20250205_1700,0
20250205_1800,178.3
20250205_1900,0
20250205_2000,178.3
20250205_2100,0
20250205_2200,0
20250205_2300,0
20250206_0000,0
20250206_0100,0
20250206_0200,0
20250206_0300,0
20250206_0400,0
20250206_0500,0
20250206_0600,0
20250206_0700,0
20250206_0800,0
20250206_0900,0
20250206_1000,0
20250206_1100,0
20250206_1200,0
20250206_1300,178.4
20250206_1400,178.2
20250206_1500,0
20250206_1600,177.2
20250206_1700,177.2
20250206_1800,177.2
20250206_1900,177.2
20250206_2000,177.2
20250206_2100,177.2
20250206_2200,177.2
20250206_2300,177.2
20250207_0000,177.2
20250207_0100,0
20250207_0200,177.5
20250207_0300,0
20250207_0400,177.1
20250207_0500,178.3
20250207_0600,177.2
20250207_0700,177.2
20250207_0800,177.2
20250207_0900,177.2
20250207_1000,177.4
20250207_1100,176.9
20250207_1200,178.5
20250207_1300,177.5
20250207_1400,0
20250207_1500,0
20250207_1600,178.7
20250207_1700,178
20250207_1800,0
20250207_1900,0
20250207_2000,177.1
20250207_2100,178.2
20250207_2200,177.2
20250207_2300,177.5
20250208_0000,177.2
20250208_0100,177.2
20250208_0200,177.2
20250208_0300,177.2
20250208_0400,177.2
20250208_0500,177.2
20250208_0600,177.2
20250208_0700,177.2
20250208_0800,177.2
20250208_0900,177.2
20250208_1000,177.2
20250208_1100,178.4
20250208_1200,0
20250208_1300,178
20250208_1400,178.3
20250208_1500,177.3
20250208_1600,0
20250208_1700,177.3
20250208_1800,0
20250208_1900,178.3
20250208_2000,177.2
20250208_2100,177.2
20250208_2200,177.2
20250208_2300,177.2
20250209_0000,177.2
20250209_0100,177.2
20250209_0200,177.2
20250209_0300,177.2
20250209_0400,177.2
20250209_0500,177.2
20250209_0600,177.2
20250209_0700,177.2
20250209_0800,177.2
20250209_0900,177.2
20250209_1000,177.2
20250209_1100,177.2
20250209_1200,177.2
20250209_1300,177.2
20250209_1400,177.2
20250209_1500,177.2
20250209_1600,177.2
20250209_1700,177.2
20250209_1800,177.2
20250209_1900,177.2
20250209_2000,177.2
20250209_2100,177.2
20250209_2200,177.2
20250209_2300,177.2
20250210_0000,177.2
20250210_0100,177.2
20250210_0200,177.2
20250210_0300,177.2
20250210_0400,177.2
20250210_0500,177.2
20250210_0600,177.2
20250210_0700,177.2
20250210_0800,177.2
20250210_0900,177.2
20250210_1000,177.2
20250210_1100,177.2
20250210_1200,177.2
20250210_1300,177.2
20250210_1400,0
20250210_1500,178.1
20250210_1600,178.1
20250210_1700,180.1
20250210_1800,179.9
20250210_1900,179.8
20250210_2000,179.6
20250210_2100,178.5
20250210_2200,179.3
20250210_2300,179.2
20250211_0000,179.6
20250211_0100,179.5
20250211_0200,179.4
20250211_0300,178.3
20250211_0400,179.6
20250211_0500,179.3
20250211_0600,178.3
20250211_0700,178.6
20250211_0800,178.4
20250211_0900,178.4
20250211_1000,178.3
20250211_1100,179.5
20250211_1200,177.4
20250211_1300,179.6
20250211_1400,178.2
20250211_1500,179.2
20250211_1600,179.7
20250211_1700,179.5
20250211_1800,178.4
20250211_1900,179.5
20250211_2000,179.5
20250211_2100,179.6
20250211_2200,179.7
20250211_2300,177.4
20250212_0000,178.1
20250212_0100,179.5
20250212_0200,178.3
20250212_0300,179.4
20250212_0400,179.6
20250212_0500,178.2
20250212_0600,178.5
20250212_0700,179.3
20250212_0800,0
20250212_0900,177.2
20250212_1000,177.2
20250212_1100,177.2
20250212_1200,177.2
20250212_1300,177.2
20250212_1400,177.2
20250212_1500,177.2
20250212_1600,177.2
20250212_1700,177.2
20250212_1800,177.2
20250212_1900,177.2
20250212_2000,177.2
20250212_2100,177.2
20250212_2200,177.2
20250212_2300,177.2
20250213_0000,177.2
20250213_0100,177.2
20250213_0200,177.2
20250213_0300,177.2
20250213_0400,177.2
20250213_0500,177.2
20250213_0600,177.2
20250213_0700,177.2
20250213_0800,177.2
20250213_0900,177.2
20250213_1000,177.2
20250213_1100,177.2
20250213_1200,177.2
20250213_1300,177.2
20250213_1400,177.2
20250213_1500,177.2
20250213_1600,177.2
20250213_1700,177.2
20250213_1800,177.2
20250213_1900,177.2
20250213_2000,177.2
20250213_2100,177.2
20250213_2200,177.2
20250213_2300,177.2
20250214_0000,177.2
20250214_0100,177.2
20250214_0200,177.2
20250214_0300,177.2
20250214_0400,177.2
20250214_0500,177.2
20250214_0600,177.2
20250214_0700,177.2
20250214_0800,177.2
20250214_0900,177.2
20250214_1000,177.2
20250214_1100,177.2
20250214_1200,177.2
20250214_1300,177.2
20250214_1400,177.2
20250214_1500,177.2
20250214_1600,177.2
20250214_1700,177.2
20250214_1800,177.2
20250214_1900,177.2
20250214_2000,177.2
20250214_2100,177.2
20250214_2200,177.2
20250214_2300,177.2
20250215_0000,177.2
20250215_0100,177.2
20250215_0200,177.2
20250215_0300,177.2
20250215_0400,177.2
20250215_0500,177.2
20250215_0600,177.2
20250215_0700,177.2
20250215_0800,177.2
20250215_0900,177.2
20250215_1000,177.2
20250215_1100,177.2
20250215_1200,177.2
20250215_1300,177.2
20250215_1400,177.2
20250215_1500,177.2
20250215_1600,177.2
20250215_1700,177.2
20250215_1800,177.2
20250215_1900,177.2
20250215_2000,177.2
20250215_2100,177.2
20250215_2200,177.2
20250215_2300,177.2
20250216_0000,177.2
20250216_0100,177.2
20250216_0200,177.2
20250216_0300,177.2
20250216_0400,177.2
20250216_0500,177.2
20250216_0600,177.2
20250216_0700,177.2
20250216_0800,177.2
20250216_0900,177.2
20250216_1000,177.2
20250216_1100,177.2
20250216_1200,177.2
20250216_1300,177.2
20250216_1400,177.2
20250216_1500,177.2
20250216_1600,177.2
20250216_1700,177.2
20250216_1800,177.2
20250216_1900,177.2
20250216_2000,177.2
20250216_2100,177.2
20250216_2200,177.2
20250216_2300,177.2
20250217_0000,177.2
20250217_0100,177.2
20250217_0200,177.2
20250217_0300,177.2
20250217_0400,177.2
20250217_0500,177.2
20250217_0600,177.2
20250217_0700,177.2
20250217_0800,177.2
20250217_0900,177.2
20250217_1000,177.2
20250217_1100,177.2
20250217_1200,177.2
20250217_1300,177.2
20250217_1400,177.2
20250217_1500,177.2
20250217_1600,177.2
20250217_1700,177.2
20250217_1800,177.2
20250217_1900,177.2
20250217_2000,177.2
20250217_2100,177.2
20250217_2200,177.2
20250217_2300,177.2
20250218_0000,177.2
20250218_0100,177.2
20250218_0200,177.2
20250218_0300,177.2
20250218_0400,177.2
20250218_0500,177.2
20250218_0600,177.2
20250218_0700,177.2
20250218_0800,177.2
20250218_0900,177.2
20250218_1000,177.2
20250218_1100,177.2
20250218_1200,177.2
20250218_1300,177.6
20250218_1400,178.5
20250218_1500,178.6
20250218_1600,179.3
20250218_1700,179.6
20250218_1800,179.3
20250218_1900,179.6
20250218_2000,179.7
20250218_2100,178.2
20250218_2200,178.3
20250218_2300,179
20250219_0000,180.4
20250219_0100,178.2
20250219_0200,180.4
20250219_0300,178.1
20250219_0400,180.2
20250219_0500,178.4
20250219_0600,180.3
20250219_0700,178.2
20250219_0800,180
20250219_0900,180.1
20250219_1000,180.2
20250219_1100,179.5
20250219_1200,178.4
20250219_1300,179.7
20250219_1400,180.2
20250219_1500,178.4
20250219_1600,178.5
20250219_1700,178.3
20250219_1800,178.2
20250219_1900,179.3
20250219_2000,179.1
20250219_2100,179.6
20250219_2200,178.9
20250219_2300,178.4
20250220_0000,179.7
20250220_0100,178.1
20250220_0200,178.6
20250220_0300,180.1
20250220_0400,180.1
20250220_0500,179.8
20250220_0600,178.3
20250220_0700,178.2
20250220_0800,0
20250220_0900,0
20250220_1000,178.3
20250220_1100,177.5
20250220_1200,0
20250220_1300,0
20250220_1400,0
20250220_1500,0
20250220_1600,0
20250220_1700,0
20250220_1800,0
20250220_1900,0
20250220_2000,0
20250220_2100,0
20250220_2200,0
20250220_2300,0
20250221_0000,0
20250221_0100,0
20250221_0200,0
20250221_0300,0
20250221_0400,0
20250221_0500,0
20250221_0600,0
20250221_0700,0
20250221_0800,0
20250221_0900,0
20250221_1000,178.8
20250221_1100,0
20250221_1200,0
20250221_1300,0
20250221_1400,0
20250221_1500,0
20250221_1600,0
20250221_1700,0
20250221_1800,0
20250221_1900,0
20250221_2000,0
20250221_2100,0
20250221_2200,0
20250221_2300,0
20250222_0000,0
20250222_0100,0
20250222_0200,0
20250222_0300,0
20250222_0400,0
20250222_0500,0
20250222_0600,0
20250222_0700,0
20250222_0800,0
20250222_0900,0
20250222_1000,0
20250222_1100,0
20250222_1200,178.2
20250222_1300,178.7
20250222_1400,178.8
20250222_1500,178.7
20250222_1600,178.4
20250222_1700,178.2
20250222_1800,178.3
20250222_1900,178.4
20250222_2000,178.4
20250222_2100,178.3
20250222_2200,0
20250222_2300,178.8
20250223_0000,179
20250223_0100,178.1
20250223_0200,178.8
20250223_0300,178.1
20250223_0400,178.9
20250223_0500,180.1
20250223_0600,178.3
20250223_0700,180.2
20250223_0800,178.1
20250223_0900,178.1
20250223_1000,178.4
20250223_1100,178.3
20250223_1200,0
20250223_1300,0
20250223_1400,0
20250223_1500,178.8
20250223_1600,178.2
20250223_1700,178.7
20250223_1800,178.5
20250223_1900,0
20250223_2000,0
20250223_2100,0
20250223_2200,0
20250223_2300,0
20250224_0000,0
20250224_0100,0
20250224_0200,0
20250224_0300,0
20250224_0400,0
20250224_0500,0
20250224_0600,0
20250224_0700,0
20250224_0800,0
20250224_0900,0
20250224_1000,0
20250224_1100,0
20250224_1200,178.6
20250224_1300,178.8
20250224_1400,178
20250224_1500,178.1
20250224_1600,178.1
20250224_1700,0
20250224_1800,178.2
20250224_1900,178.6
20250224_2000,0
20250224_2100,178.6
20250224_2200,178.6
20250224_2300,0
20250225_0000,0
20250225_0100,0
20250225_0200,0
20250225_0300,0
20250225_0400,0
20250225_0500,0
20250225_0600,0
20250225_0700,0
20250225_0800,0
20250225_0900,0
20250225_1000,0
20250225_1100,0
20250225_1200,0
20250225_1300,0
20250225_1400,0
20250225_1500,0
20250225_1600,0
20250225_1700,0
20250225_1800,0
20250225_1900,0
20250225_2000,0
20250225_2100,0
20250225_2200,0
20250225_2300,0
20250226_0000,0
20250226_0100,0
20250226_0200,178.4
20250226_0300,178.6
20250226_0400,178.9
20250226_0500,178.7
20250226_0600,178.9
20250226_0700,0
20250226_0800,0
20250226_0900,0
20250226_1000,0
20250226_1100,0
20250226_1200,0
20250226_1300,0
20250226_1400,0
20250226_1500,0
20250226_1600,0
20250226_1700,0
20250226_1800,0
20250226_1900,0
20250226_2000,0
20250226_2100,0
20250226_2200,0
20250226_2300,0
20250227_0000,0
20250227_0100,0
20250227_0200,0
20250227_0300,0
20250227_0400,0
20250227_0500,178.8
20250227_0600,178.8
20250227_0700,178.8
20250227_0800,178.2
20250227_0900,0
20250227_1000,178.5
20250227_1100,178.2
20250227_1200,178.2
20250227_1300,178.6
20250227_1400,178.7
20250227_1500,178.9
20250227_1600,178.5
20250227_1700,178.4
20250227_1800,0
20250227_1900,0
20250227_2000,0
20250227_2100,0
20250227_2200,0
20250227_2300,0
20250228_0000,0
20250228_0100,0
20250228_0200,0
20250228_0300,0
20250228_0400,0
20250228_0500,0
20250228_0600,0
20250228_0700,0
20250228_0800,0
20250228_0900,0
20250228_1000,0
20250228_1100,0
20250228_1200,0
20250228_1300,178.2
20250228_1400,0
20250228_1500,0
20250228_1600,0
20250228_1700,178.5
20250228_1800,178.5
20250228_1900,0
20250228_2000,0
20250228_2100,0
20250228_2200,0
20250228_2300,0
20250301_0000,0
20250301_0100,0
20250301_0200,0
20250301_0300,0
20250301_0400,178.5
20250301_0500,178.2
20250301_0600,0
20250301_0700,0
20250301_0800,178.5
20250301_0900,178.8
20250301_1000,178.1
20250301_1100,178.3
20250301_1200,178.2
20250301_1300,0
20250301_1400,178.3
20250301_1500,178.5
20250301_1600,0
20250301_1700,0
20250301_1800,178
20250301_1900,178.3
20250301_2000,0
20250301_2100,178.5
20250301_2200,178.4
20250301_2300,178.2
20250302_0000,178.9
20250302_0100,0
20250302_0200,178.4
20250302_0300,178.3
20250302_0400,178.4
20250302_0500,178
20250302_0600,178.3
20250302_0700,178.2
20250302_0800,178.2
20250302_0900,178.2
20250302_1000,178.9
20250302_1100,178.2
20250302_1200,178.1
20250302_1300,178.3
20250302_1400,178.3
20250302_1500,178.2
20250302_1600,178.2
20250302_1700,178.5
20250302_1800,178.7
20250302_1900,178.3
20250302_2000,178.6
20250302_2100,178.3
20250302_2200,178.2
20250302_2300,178.2
20250303_0000,178.9
20250303_0100,178.6
20250303_0200,178.7
20250303_0300,178.4
20250303_0400,178.5
20250303_0500,178.3
20250303_0600,178.3
20250303_0700,0
20250303_0800,0
20250303_0900,0
20250303_1000,0
20250303_1100,178.4
20250303_1200,179.1
20250303_1300,178.4
20250303_1400,0
20250303_1500,179.1
20250303_1600,178.6
20250303_1700,178.6
20250303_1800,0
20250303_1900,178.7
20250303_2000,178.5
20250303_2100,178.5
20250303_2200,0
20250303_2300,0
20250304_0000,0
20250304_0100,0
20250304_0200,0
20250304_0300,0
20250304_0400,0
20250304_0500,0
20250304_0600,0
20250304_0700,0
20250304_0800,0
20250304_0900,0
20250304_1000,178.8
20250304_1100,178.6
20250304_1200,178.5
20250304_1300,178.1
20250304_1400,178.1
20250304_1500,178.2
20250304_1600,178.4
20250304_1700,178.6
20250304_1800,179.1
20250304_1900,178.8
20250304_2000,178.6
20250304_2100,178.5
20250304_2200,178.7
20250304_2300,178.4
20250305_0000,178.3
20250305_0100,178.9
20250305_0200,178.8
20250305_0300,178.4
20250305_0400,178.4
20250305_0500,178.4
20250305_0600,178.6
20250305_0700,0
20250305_0800,0
20250305_0900,0
20250305_1000,0
20250305_1100,0
20250305_1200,0
20250305_1300,0
20250305_1400,0
20250305_1500,178.4
20250305_1600,178.7
20250305_1700,0
20250305_1800,0
20250305_1900,0
20250305_2000,0
20250305_2100,0
20250305_2200,0
20250305_2300,0
20250306_0000,0
20250306_0100,0
20250306_0200,0
20250306_0300,0
20250306_0400,0
20250306_0500,0
20250306_0600,0
20250306_0700,0
20250306_0800,0
20250306_0900,0
20250306_1000,0
20250306_1100,178.3
20250306_1200,178.1
20250306_1300,178.9
20250306_1400,178
20250306_1500,178.3
20250306_1600,178.9
20250306_1700,178.5
20250306_1800,178.3
20250306_1900,178.8
20250306_2000,178.1
20250306_2100,178.6
20250306_2200,178.5
20250306_2300,178.4
20250307_0000,178.6
20250307_0100,0
20250307_0200,178.6
20250307_0300,0
20250307_0400,178.4
20250307_0500,178.9
20250307_0600,178.3
20250307_0700,0
20250307_0800,0
20250307_0900,0
20250307_1000,178.5
20250307_1100,178.7
20250307_1200,178.1
20250307_1300,178.8
20250307_1400,178.4
20250307_1500,178.7
20250307_1600,178.4
20250307_1700,0
20250307_1800,0
20250307_1900,0
20250307_2000,0
20250307_2100,178.3
20250307_2200,0
20250307_2300,0
20250308_0000,0
20250308_0100,0
20250308_0200,0
20250308_0300,0
20250308_0400,0
20250308_0500,0
20250308_0600,0
20250308_0700,0
20250308_0800,0
20250308_0900,0
20250308_1000,178.3
20250308_1100,178.5
20250308_1200,178.4
20250308_1300,178.5
20250308_1400,0
20250308_1500,0
20250308_1600,0
20250308_1700,0
20250308_1800,0
20250308_1900,0
20250308_2000,0
20250308_2100,0
20250308_2200,177
20250308_2300,177.2
20250309_0000,177.2
20250309_0100,177.2
20250309_0200,177.2
20250309_0300,177.2
20250309_0400,177.2
20250309_0500,177.2
20250309_0600,177.2
20250309_0700,177.2
20250309_0800,177.2
20250309_0900,177.2
20250309_1000,177.2
20250309_1100,177.2
20250309_1200,177.2
20250309_1300,177.2
20250309_1400,177.2
20250309_1500,177.2
20250309_1600,177.2
20250309_1700,177.2
20250309_1800,177.2
20250309_1900,177.2
20250309_2000,177.2
20250309_2100,177.2
20250309_2200,177.2
20250309_2300,177.2
20250310_0000,177.2
20250310_0100,177.2
20250310_0200,177.2
20250310_0300,177.2
20250310_0400,177.2
20250310_0500,177.2
20250310_0600,177.2
20250310_0700,177.2
20250310_0800,177.2
20250310_0900,177.2
20250310_1000,177.2
20250310_1100,177.8
20250310_1200,0
20250310_1300,177.4
20250310_1400,178.5
20250310_1500,0
20250310_1600,178.1
20250310_1700,0
20250310_1800,178
20250310_1900,0
20250310_2000,0
20250310_2100,0
20250310_2200,177
20250310_2300,0
20250311_0000,178.3
20250311_0100,178.2
20250311_0200,177
20250311_0300,177.1
20250311_0400,177
20250311_0500,178.4
20250311_0600,0
20250311_0700,177.5
20250311_0800,178.2
20250311_0900,177.9
20250311_1000,0
20250311_1100,0
20250311_1200,177.2
20250311_1300,0
20250311_1400,0
20250311_1500,0
20250311_1600,0
20250311_1700,0
20250311_1800,178.5
20250311_1900,177.5
20250311_2000,177.1
20250311_2100,178
20250311_2200,177.8
20250311_2300,176.9
20250312_0000,177.2
20250312_0100,177.2
20250312_0200,177.2
20250312_0300,177.2
20250312_0400,177.2
20250312_0500,177.2
20250312_0600,177.2
20250312_0700,177.2
20250312_0800,177.2
20250312_0900,177.2
20250312_1000,178.2
20250312_1100,177
20250312_1200,178
20250312_1300,177.5
20250312_1400,178.1
20250312_1500,178.3
20250312_1600,178.3
20250312_1700,0
20250312_1800,178.4
20250312_1900,178.3
20250312_2000,177.1
20250312_2100,0
20250312_2200,177.1
20250312_2300,177.2
20250313_0000,0
20250313_0100,177.2
20250313_0200,177.2
20250313_0300,177.2
20250313_0400,177.2
20250313_0500,177.2
20250313_0600,177.2
20250313_0700,177.2
20250313_0800,177.2
20250313_0900,177.2
20250313_1000,178.3
20250313_1100,178.3
20250313_1200,0
20250313_1300,177.9
20250313_1400,0
20250313_1500,0
20250313_1600,0
20250313_1700,0
20250313_1800,178
20250313_1900,178.4
20250313_2000,0
20250313_2100,177.5
20250313_2200,0
20250313_2300,0
20250314_0000,0
20250314_0100,0
20250314_0200,0
20250314_0300,0
20250314_0400,0
20250314_0500,0
20250314_0600,0
20250314_0700,178.3
20250314_0800,0
20250314_0900,0
20250314_1000,178.2
20250314_1100,178.3
20250314_1200,0
20250314_1300,0
20250314_1400,0
20250314_1500,178.3
20250314_1600,0
20250314_1700,0
20250314_1800,177.2
20250314_1900,178.1
20250314_2000,0
20250314_2100,0
20250314_2200,0
20250314_2300,0
20250315_0000,0
20250315_0100,178
20250315_0200,0
20250315_0300,0
20250315_0400,0
20250315_0500,0
20250315_0600,178.3
20250315_0700,178.3
20250315_0800,178.4
20250315_0900,178.2
20250315_1000,0
20250315_1100,0
20250315_1200,178
20250315_1300,0
20250315_1400,0
20250315_1500,0
20250315_1600,0
20250315_1700,0
20250315_1800,0
20250315_1900,0
20250315_2000,0
20250315_2100,0
20250315_2200,178.3
20250315_2300,0
20250316_0000,0
20250316_0100,0
20250316_0200,178.6
20250316_0300,0
20250316_0400,0
20250316_0500,178.4
20250316_0600,178.3
20250316_0700,0
20250316_0800,0
20250316_0900,178.4
20250316_1000,0
20250316_1100,0
20250316_1200,0
20250316_1300,0
20250316_1400,0
20250316_1500,0
20250316_1600,0
20250316_1700,0
20250316_1800,0
20250316_1900,0
20250316_2000,0
20250316_2100,0
20250316_2200,0
20250316_2300,0
20250317_0000,0
20250317_0100,0
20250317_0200,0
20250317_0300,0
20250317_0400,0
20250317_0500,0
20250317_0600,0
20250317_0700,0
20250317_0800,0
20250317_0900,0
20250317_1000,0
20250317_1100,0
20250317_1200,0
20250317_1300,0
20250317_1400,0
20250317_1500,0
20250317_1600,0
20250317_1700,0
20250317_1800,0
20250317_1900,0
20250317_2000,0
20250317_2100,0
20250317_2200,0
20250317_2300,0
20250318_0000,0
20250318_0100,0
20250318_0200,0
20250318_0300,0
20250318_0400,0
20250318_0500,0
20250318_0600,178.3
20250318_0700,0
20250318_0800,0
20250318_0900,0
20250318_1000,0
20250318_1100,0
20250318_1200,0
20250318_1300,0
20250318_1400,0
20250318_1500,0
20250318_1600,0
20250318_1700,0
20250318_1800,0
20250318_1900,0
20250318_2000,0
20250318_2100,0
20250318_2200,0
20250318_2300,0
20250319_0000,0
20250319_0100,0
20250319_0200,0
20250319_0300,0
20250319_0400,0
20250319_0500,0
20250319_0600,177.4
20250319_0700,0
20250319_0800,0
20250319_0900,0
20250319_1000,0
20250319_1100,0
20250319_1200,178.6
20250319_1300,178.9
20250319_1400,178.9
20250319_1500,178.6
20250319_1600,178.6
20250319_1700,178.4
20250319_1800,178.8
20250319_1900,0
20250319_2000,0
20250319_2100,0
20250319_2200,0
20250319_2300,0
20250320_0000,0
20250320_0100,0
20250320_0200,0
20250320_0300,0
20250320_0400,178.4
20250320_0500,0
20250320_0600,0
20250320_0700,178.3
20250320_0800,178.1
20250320_0900,0
20250320_1000,0
20250320_1100,0
20250320_1200,0
20250320_1300,0
20250320_1400,0
20250320_1500,0
20250320_1600,0
20250320_1700,0
20250320_1800,0
20250320_1900,0
20250320_2000,0
20250320_2100,0
20250320_2200,0
20250320_2300,177.5
20250321_0000,0
20250321_0100,0
20250321_0200,178.3
20250321_0300,178.4
20250321_0400,177.3
20250321_0500,0
20250321_0600,0
20250321_0700,178.2
20250321_0800,177.4
20250321_0900,0
20250321_1000,0
20250321_1100,0
20250321_1200,0
20250321_1300,0
20250321_1400,178.5
20250321_1500,178.7
20250321_1600,178.4
20250321_1700,178.1
20250321_1800,178.1
20250321_1900,178.4
20250321_2000,178.5
20250321_2100,0
20250321_2200,0
20250321_2300,178.4
20250322_0000,0
20250322_0100,0
20250322_0200,0
20250322_0300,0
20250322_0400,0
20250322_0500,0
20250322_0600,0
20250322_0700,0
20250322_0800,178
20250322_0900,178.6
20250322_1000,178.2
20250322_1100,0
20250322_1200,178.6
20250322_1300,178.2
20250322_1400,179
20250322_1500,178.2
20250322_1600,179.5
20250322_1700,178.6
20250322_1800,178.3
20250322_1900,178.2
20250322_2000,178.6
20250322_2100,178.6
20250322_2200,178.4
20250322_2300,178.3
20250323_0000,178.4
20250323_0100,178.5
20250323_0200,178.6
20250323_0300,178.6
20250323_0400,178.8
20250323_0500,178.8
20250323_0600,178.8
20250323_0700,178.2
20250323_0800,178.4
20250323_0900,178.4
20250323_1000,178.4
20250323_1100,178.2
20250323_1200,178.3
20250323_1300,178
20250323_1400,178.4
20250323_1500,0
20250323_1600,178.2
20250323_1700,0
20250323_1800,178.1
20250323_1900,0
20250323_2000,178.1
20250323_2100,178.6
20250323_2200,178.8
20250323_2300,178.2
20250324_0000,178.4
20250324_0100,178.6
20250324_0200,178.8
20250324_0300,178.5
20250324_0400,178.6
20250324_0500,178.2
20250324_0600,178.5
20250324_0700,178.3
20250324_0800,178.6
20250324_0900,178.5
20250324_1000,0
20250324_1100,178.6
20250324_1200,0
20250324_1300,178.1
20250324_1400,178.4
20250324_1500,178.1
20250324_1600,178.2
20250324_1700,178
20250324_1800,178.2
20250324_1900,178.7
20250324_2000,178.4
20250324_2100,178.9
20250324_2200,178.6
20250324_2300,178.7
20250325_0000,178.6
20250325_0100,178.6
20250325_0200,178.8
20250325_0300,178.8
20250325_0400,178.1
20250325_0500,178.1
20250325_0600,178.4
20250325_0700,178.2
20250325_0800,178.3
20250325_0900,178.4
20250325_1000,178.2
20250325_1100,0
20250325_1200,178.9
20250325_1300,179.5
20250325_1400,178.3
20250325_1500,0
20250325_1600,178.3
20250325_1700,178.1
20250325_1800,0
20250325_1900,0
20250325_2000,0
20250325_2100,0
20250325_2200,0
20250325_2300,0
20250326_0000,0
20250326_0100,0
20250326_0200,177.7
20250326_0300,0
20250326_0400,177.6
20250326_0500,0
20250326_0600,0
20250326_0700,0
20250326_0800,177.3
20250326_0900,178.4
20250326_1000,178.2
20250326_1100,0
20250326_1200,0
20250326_1300,0
20250326_1400,0
20250326_1500,0
20250326_1600,0
20250326_1700,0
20250326_1800,0
20250326_1900,0
20250326_2000,0
20250326_2100,0
20250326_2200,0
20250326_2300,0
20250327_0000,0
20250327_0100,0
20250327_0200,0
20250327_0300,178.1
20250327_0400,0
20250327_0500,178.3
20250327_0600,0
20250327_0700,178.2
20250327_0800,178.3
20250327_0900,0
20250327_1000,178.3
20250327_1100,178.1
20250327_1200,0
20250327_1300,0
20250327_1400,0
20250327_1500,0
20250327_1600,0
20250327_1700,0
20250327_1800,178.2
20250327_1900,0
20250327_2000,178
20250327_2100,177.2
20250327_2200,178.2
20250327_2300,176.8
20250328_0000,0
20250328_0100,177.2
20250328_0200,177.2
20250328_0300,177.2
20250328_0400,177.2
20250328_0500,177.2
20250328_0600,177.2
20250328_0700,177.2
20250328_0800,0
20250328_0900,177.2
20250328_1000,177.1
20250328_1100,178.4
20250328_1200,178.2
20250328_1300,0
20250328_1400,0
20250328_1500,0
20250328_1600,0
20250328_1700,0
20250328_1800,0
20250328_1900,0
20250328_2000,0
20250328_2100,0
20250328_2200,0
20250328_2300,178.1
20250329_0000,178.3
20250329_0100,177.9
20250329_0200,177.2
20250329_0300,177.1
20250329_0400,176.9
20250329_0500,0
20250329_0600,178.5
20250329_0700,0
20250329_0800,178
20250329_0900,0
20250329_1000,0
20250329_1100,0
20250329_1200,0
20250329_1300,0
20250329_1400,0
20250329_1500,0
20250329_1600,0
20250329_1700,0
20250329_1800,0
20250329_1900,0
20250329_2000,0
20250329_2100,0
20250329_2200,0
20250329_2300,0
20250330_0000,0
20250330_0100,178.7
20250330_0200,0
20250330_0300,0
20250330_0400,178.1
20250330_0500,0
20250330_0600,0
20250330_0700,0
20250330_0800,0
20250330_0900,0
20250330_1000,0
20250330_1100,0
20250330_1200,0
20250330_1300,0
20250330_1400,0
20250330_1500,178.6
20250330_1600,178.6
20250330_1700,178.5
20250330_1800,178.4
20250330_1900,178.6
20250330_2000,0
20250330_2100,0
20250330_2200,0
20250330_2300,0
20250331_0000,0
20250331_0100,0
20250331_0200,0
20250331_0300,0
20250331_0400,0
20250331_0500,0
20250331_0600,0
20250331_0700,0
20250331_0800,0
20250331_0900,0
20250331_1000,0
20250331_1100,178.5
20250331_1200,178.6
20250331_1300,178.7
20250331_1400,178.3
20250331_1500,178.5
20250331_1600,178.7
20250331_1700,178.5
20250331_1800,178.4
20250331_1900,178.2
20250331_2000,178.8
20250331_2100,178.6
20250331_2200,178.5
20250331_2300,0
20250401_0000,178.4
20250401_0100,0
20250401_0200,178.4
20250401_0300,178.5
20250401_0400,178.4
20250401_0500,178.6
20250401_0600,178.9
20250401_0700,179
20250401_0800,178.9
20250401_0900,179
20250401_1000,178.7
20250401_1100,178.5
20250401_1200,178.2
20250401_1300,178.2
20250401_1400,0
20250401_1500,0
20250401_1600,178.6
20250401_1700,178.5
20250401_1800,0
20250401_1900,0
20250401_2000,0
20250401_2100,0
20250401_2200,0
20250401_2300,0
20250402_0000,0
20250402_0100,0
20250402_0200,0
20250402_0300,0
20250402_0400,0
20250402_0500,0
20250402_0600,0
20250402_0700,0
20250402_0800,0
20250402_0900,0
20250402_1000,0
20250402_1100,178.5
20250402_1200,178.4
20250402_1300,178.6
20250402_1400,178.3
20250402_1500,178.2
20250402_1600,178.6
20250402_1700,178.2
20250402_1800,0
20250402_1900,0
20250402_2000,0
20250402_2100,0
20250402_2200,0
20250402_2300,0
20250403_0000,0
20250403_0100,0
20250403_0200,0
20250403_0300,0
20250403_0400,0
20250403_0500,0
20250403_0600,0
20250403_0700,0
20250403_0800,0
20250403_0900,0
20250403_1000,0
20250403_1100,0
20250403_1200,0
20250403_1300,0
20250403_1400,0
20250403_1500,0
20250403_1600,0
20250403_1700,0
20250403_1800,0
20250403_1900,0
20250403_2000,0
20250403_2100,0
20250403_2200,0
20250403_2300,0
20250404_0000,0
20250404_0100,0
20250404_0200,0
20250404_0300,0
20250404_0400,0
20250404_0500,0
20250404_0600,0
20250404_0700,0
20250404_0800,0
20250404_0900,0
20250404_1000,0
20250404_1100,178.3
20250404_1200,178.6
20250404_1300,178.3
20250404_1400,178.6
20250404_1500,178.4
20250404_1600,178.9
20250404_1700,178.6
20250404_1800,178.7
20250404_1900,178.3
20250404_2000,178.4
20250404_2100,178.3
20250404_2200,178.7
20250404_2300,178.3
20250405_0000,178.4
20250405_0100,178.3
20250405_0200,178.3
20250405_0300,0
20250405_0400,0
20250405_0500,0
20250405_0600,178.1
20250405_0700,178.7
20250405_0800,179
20250405_0900,178.8
20250405_1000,178.2
20250405_1100,178.3
20250405_1200,0
20250405_1300,178.6
20250405_1400,178.9
20250405_1500,178.3
20250405_1600,178.2
20250405_1700,179.1
20250405_1800,178.3
20250405_1900,178.3
20250405_2000,178.8
20250405_2100,178.2
20250405_2200,178.7
20250405_2300,178.5
20250406_0000,178.6
20250406_0100,178.2
20250406_0200,178.5
20250406_0300,178.4
20250406_0400,0
20250406_0500,0
20250406_0600,0
20250406_0700,178.3
20250406_0800,178.6
20250406_0900,178.8
20250406_1000,178.3
20250406_1100,178.5
20250406_1200,178.6
20250406_1300,178.3
20250406_1400,178.4
20250406_1500,178.6
20250406_1600,178.4
20250406_1700,178.6
20250406_1800,0
20250406_1900,0
20250406_2000,178.9
20250406_2100,178.8
20250406_2200,178.5
20250406_2300,178.5
20250407_0000,178.5
20250407_0100,178.5
20250407_0200,178.8
20250407_0300,178.7
20250407_0400,178.7
20250407_0500,178.2
20250407_0600,178.3
20250407_0700,178.2
20250407_0800,178.8
20250407_0900,179.1
20250407_1000,178.3
20250407_1100,178.2
20250407_1200,178.2
20250407_1300,178.1
20250407_1400,178.3
20250407_1500,179.8
20250407_1600,179.8
20250407_1700,177.8
20250407_1800,180.3
20250407_1900,180.2
20250407_2000,179.3
20250407_2100,178.1
20250407_2200,179
20250407_2300,179.8
20250408_0000,178.1
20250408_0100,178.3
20250408_0200,178.5
20250408_0300,178.1
20250408_0400,178.4
20250408_0500,178.9
20250408_0600,178.8
20250408_0700,178
20250408_0800,178.5
20250408_0900,178.3
20250408_1000,178.1
20250408_1100,0
20250408_1200,179.7
20250408_1300,178.3
20250408_1400,178.6
20250408_1500,0
20250408_1600,178.3
20250408_1700,178.5
20250408_1800,178.6
20250408_1900,178.4
20250408_2000,178
20250408_2100,0
20250408_2200,178.3
20250408_2300,178.4
20250409_0000,178.2
20250409_0100,179.9
20250409_0200,179.5
20250409_0300,178.1
20250409_0400,178.3
20250409_0500,178.2
20250409_0600,178.1
20250409_0700,178.2
20250409_0800,178.4
20250409_0900,178.3
20250409_1000,178.5
20250409_1100,179.7
20250409_1200,178.4
20250409_1300,179.3
20250409_1400,179
20250409_1500,178.2
20250409_1600,177.8
20250409_1700,179.2
20250409_1800,177.9
20250409_1900,179.8
20250409_2000,178.9
20250409_2100,178.9
20250409_2200,178.2
20250409_2300,178.4
20250410_0000,0
20250410_0100,178.2
20250410_0200,178.5
20250410_0300,178.5
20250410_0400,178.7
20250410_0500,178.6
20250410_0600,178.4
20250410_0700,178.7
20250410_0800,178.5
20250410_0900,179.2
20250410_1000,178.4
20250410_1100,178.2
20250410_1200,178.4
20250410_1300,178.7
20250410_1400,177.8
20250410_1500,0
20250410_1600,180.1
20250410_1700,178.1
20250410_1800,177.9
20250410_1900,178
20250410_2000,179
20250410_2100,178.2
20250410_2200,178.4
20250410_2300,178.6
20250411_0000,178
20250411_0100,178.2
20250411_0200,178.5
20250411_0300,0
20250411_0400,178.5
20250411_0500,0
20250411_0600,0
20250411_0700,178.4
20250411_0800,178.4
20250411_0900,178.3
20250411_1000,179.9
20250411_1100,178.9
20250411_1200,178.5
20250411_1300,179.4
20250411_1400,179.6
20250411_1500,178.1
20250411_1600,180.2
20250411_1700,178
20250411_1800,178.3
20250411_1900,179.1
20250411_2000,178.8
20250411_2100,179.8
20250411_2200,178.5
20250411_2300,178.4
20250412_0000,178.3
20250412_0100,178.3
20250412_0200,178.3
20250412_0300,178.2
20250412_0400,178.1
20250412_0500,178.7
20250412_0600,178.2
20250412_0700,178.3
20250412_0800,178.5
20250412_0900,178.6
20250412_1000,178
20250412_1100,178.4
20250412_1200,178.5
20250412_1300,178.2
20250412_1400,178.5
20250412_1500,178.5
20250412_1600,178.6
20250412_1700,178.2
20250412_1800,178.3
20250412_1900,178.5
20250412_2000,178.7
20250412_2100,178.7
20250412_2200,178.3
20250412_2300,178.7
20250413_0000,178.7
20250413_0100,178.8
20250413_0200,178.8
20250413_0300,178.5
20250413_0400,178.8
20250413_0500,178.7
20250413_0600,178.3
20250413_0700,178.4
20250413_0800,178.4
20250413_0900,178.2
20250413_1000,178.2
20250413_1100,178.3
20250413_1200,178.4
20250413_1300,178.2
20250413_1400,0
20250413_1500,0
20250413_1600,178.3
20250413_1700,178.8
20250413_1800,178.2
20250413_1900,178.4
20250413_2000,178.2
20250413_2100,178.5
20250413_2200,178.4
20250413_2300,178.2
20250414_0000,178.4
20250414_0100,178.4
20250414_0200,178.9
20250414_0300,178.2
20250414_0400,178.8
20250414_0500,178.4
20250414_0600,178.2
20250414_0700,178.5
20250414_0800,178.9
20250414_0900,178.6
20250414_1000,178.5
20250414_1100,178.3
20250414_1200,178.2
20250414_1300,179.6
20250414_1400,179.8
20250414_1500,178.2
20250414_1600,180
20250414_1700,180.2
20250414_1800,179.8
20250414_1900,179
20250414_2000,179
20250414_2100,178.5
20250414_2200,179.4
20250414_2300,178.3
20250415_0000,178.3
20250415_0100,178.3
20250415_0200,178.4
20250415_0300,179.4
20250415_0400,179
20250415_0500,179.1
20250415_0600,178.1
20250415_0700,178.2
20250415_0800,178.4
20250415_0900,179.7
20250415_1000,179.5
20250415_1100,179.7
20250415_1200,179
20250415_1300,178.1
20250415_1400,178.2
20250415_1500,178.2
20250415_1600,177.9
20250415_1700,178
20250415_1800,178.2
20250415_1900,0
20250415_2000,178.1
20250415_2100,178.1
20250415_2200,178.2
20250415_2300,178.3
20250416_0000,178.4
20250416_0100,178.3
20250416_0200,0
20250416_0300,0
20250416_0400,0
20250416_0500,178.5
20250416_0600,178.1
20250416_0700,178.4
20250416_0800,178.6
20250416_0900,178.6
20250416_1000,178.7
20250416_1100,178.6
20250416_1200,178.5
20250416_1300,178.9
20250416_1400,178.6
20250416_1500,178.4
20250416_1600,178.7
20250416_1700,178.8
20250416_1800,179
20250416_1900,178.4
20250416_2000,178.3
20250416_2100,178.6
20250416_2200,178.3
20250416_2300,178.7
20250417_0000,179.1
20250417_0100,178.7
20250417_0200,178.6
20250417_0300,178.8
20250417_0400,178.6
20250417_0500,178.5
20250417_0600,178.3
20250417_0700,178.5
20250417_0800,178.7
20250417_0900,178.2
20250417_1000,178.6
20250417_1100,0
20250417_1200,0
20250417_1300,0
20250417_1400,0
20250417_1500,0
20250417_1600,0
20250417_1700,0
20250417_1800,0
20250417_1900,0
20250417_2000,0
20250417_2100,0
20250417_2200,178.2
20250417_2300,0
20250418_0000,0
20250418_0100,0
20250418_0200,178.4
20250418_0300,0
20250418_0400,178.4
20250418_0500,178.3
20250418_0600,178.7
20250418_0700,178.5
20250418_0800,178.7
20250418_0900,178.6
20250418_1000,178.2
20250418_1100,178.2
20250418_1200,179.7
20250418_1300,178.2
20250418_1400,179.1
20250418_1500,178.9
20250418_1600,178.2
20250418_1700,179.8
20250418_1800,179.9
20250418_1900,178.3
20250418_2000,179.7
20250418_2100,179.7
20250418_2200,178.3
20250418_2300,179.8
20250419_0000,178.4
20250419_0100,179.5
20250419_0200,178.3
20250419_0300,179.9
20250419_0400,178.8
20250419_0500,179.6
20250419_0600,178.7
20250419_0700,179.6
20250419_0800,180.3
20250419_0900,179.9
20250419_1000,177.9
20250419_1100,179.7
20250419_1200,178.1
20250419_1300,178.3
20250419_1400,179.5
20250419_1500,177.8
20250419_1600,180
20250419_1700,178.2
20250419_1800,178.2
20250419_1900,0
20250419_2000,178.2
20250419_2100,0
20250419_2200,178.2
20250419_2300,178.2
20250420_0000,178.7
20250420_0100,178.2
20250420_0200,178.3
20250420_0300,178.5
20250420_0400,178.3
20250420_0500,178.5
20250420_0600,178.3
20250420_0700,178.4
20250420_0800,0
20250420_0900,0
20250420_1000,0
20250420_1100,178.5
20250420_1200,178.4
20250420_1300,178.3
20250420_1400,178.6
20250420_1500,178.2
20250420_1600,178.8
20250420_1700,178.7
20250420_1800,178.1
20250420_1900,178.5
20250420_2000,178.3
20250420_2100,178.2
20250420_2200,0
20250420_2300,0
20250421_0000,0
20250421_0100,0
20250421_0200,0
20250421_0300,0
20250421_0400,0
20250421_0500,0
20250421_0600,0
20250421_0700,0
20250421_0800,0
20250421_0900,178.7
20250421_1000,178.6
20250421_1100,179.1
20250421_1200,178.2
20250421_1300,0
20250421_1400,178.8
20250421_1500,179.1
20250421_1600,178.4
20250421_1700,178
20250421_1800,179.1
20250421_1900,178.3
20250421_2000,178.1
20250421_2100,178.4
20250421_2200,178.4
20250421_2300,178.2
20250422_0000,0
20250422_0100,178.4
20250422_0200,179.1
20250422_0300,178.3
20250422_0400,178.5
20250422_0500,178.9
20250422_0600,178.6
20250422_0700,178.6
20250422_0800,178.8
20250422_0900,0
20250422_1000,178.7
20250422_1100,0
20250422_1200,179.1
20250422_1300,179.1
20250422_1400,178.4
20250422_1500,178.3
20250422_1600,0
20250422_1700,178.2
20250422_1800,0
20250422_1900,178.3
20250422_2000,178.2
20250422_2100,178.5
20250422_2200,178.7
20250422_2300,178.7
20250423_0000,178.6
20250423_0100,178.3
20250423_0200,178.2
20250423_0300,179.1
20250423_0400,178.5
20250423_0500,178.5
20250423_0600,178.5
20250423_0700,178.6
20250423_0800,178.3
20250423_0900,178.5
20250423_1000,178.4
20250423_1100,179
20250423_1200,178.2
20250423_1300,178.5
20250423_1400,178.5
20250423_1500,178.3
20250423_1600,178.2
20250423_1700,178.4
20250423_1800,178.6
20250423_1900,178.5
20250423_2000,178.5
20250423_2100,178.4
20250423_2200,178.9
20250423_2300,178.6
20250424_0000,178.4
20250424_0100,178.1
20250424_0200,178.8
20250424_0300,178.3
20250424_0400,178.1
20250424_0500,178.5
20250424_0600,178
20250424_0700,178.7
20250424_0800,178.5
20250424_0900,178.7
20250424_1000,0
20250424_1100,178.4
20250424_1200,178.5
20250424_1300,179.4
20250424_1400,178.1
20250424_1500,179.7
20250424_1600,178.4
20250424_1700,179.8
20250424_1800,179
20250424_1900,179.8
20250424_2000,178.7
20250424_2100,179.1
20250424_2200,0
20250424_2300,178.1
20250425_0000,178.5
20250425_0100,178.4
20250425_0200,178
20250425_0300,0
20250425_0400,178.3
20250425_0500,178
20250425_0600,178.5
20250425_0700,178.2
20250425_0800,178.9
20250425_0900,177.8
20250425_1000,177.8
20250425_1100,178.5
20250425_1200,179.2
20250425_1300,179.2
20250425_1400,179.3
20250425_1500,179.6
20250425_1600,177.2
20250425_1700,177.6
20250425_1800,179.9
20250425_1900,179.5
20250425_2000,179.6
20250425_2100,179.7
20250425_2200,178.5
20250425_2300,177.7
20250426_0000,178.4
20250426_0100,178.4
20250426_0200,177.8
20250426_0300,178.2
20250426_0400,178.2
20250426_0500,178.4
20250426_0600,178.2
20250426_0700,0
20250426_0800,178.3
20250426_0900,178
20250426_1000,179.2
20250426_1100,179.4
20250426_1200,178.6
20250426_1300,178.3
20250426_1400,178.2
20250426_1500,178.3
20250426_1600,178.7
20250426_1700,178.3
20250426_1800,178.4
20250426_1900,178.6
20250426_2000,178.5
20250426_2100,178.7
20250426_2200,178.5
20250426_2300,178.3
20250427_0000,178.6
20250427_0100,178.4
20250427_0200,178.7
20250427_0300,178.5
20250427_0400,178.6
20250427_0500,0
20250427_0600,0
20250427_0700,0
20250427_0800,0
20250427_0900,0
20250427_1000,0
20250427_1100,0
20250427_1200,178.5
20250427_1300,178.6
20250427_1400,178.5
20250427_1500,178.4
20250427_1600,0
20250427_1700,178
20250427_1800,178.6
20250427_1900,0
20250427_2000,0
20250427_2100,0
20250427_2200,0
20250427_2300,0
20250428_0000,0
20250428_0100,0
20250428_0200,0
20250428_0300,0
20250428_0400,0
20250428_0500,0
20250428_0600,0
20250428_0700,0
20250428_0800,178.3
20250428_0900,179.1
20250428_1000,0
20250428_1100,180.1
20250428_1200,178.3
20250428_1300,178.3
20250428_1400,178.2
20250428_1500,178.4
20250428_1600,178.5
20250428_1700,178.1
20250428_1800,179.9
20250428_1900,179.7
20250428_2000,179.8
20250428_2100,178.7
20250428_2200,178.3
20250428_2300,178.3
20250429_0000,179.1
20250429_0100,178.3
20250429_0200,178.2
20250429_0300,179.1
20250429_0400,178.4
20250429_0500,179.2
20250429_0600,179.1
20250429_0700,179.7
20250429_0800,178.9
20250429_0900,180.1
20250429_1000,179.1
20250429_1100,178.4
20250429_1200,178.4
20250429_1300,178
20250429_1400,178.2
20250429_1500,178.3
20250429_1600,178.3
20250429_1700,178.3
20250429_1800,178
20250429_1900,178.3
20250429_2000,178.3
20250429_2100,178.1
20250429_2200,178.9
20250429_2300,178.7
20250430_0000,179.4
20250430_0100,179
20250430_0200,178.5
20250430_0300,178.3
20250430_0400,178.3
20250430_0500,178.5
20250430_0600,178.4
20250430_0700,178.5
20250430_0800,178.6
20250430_0900,178.3
20250430_1000,178.4
20250430_1100,178.4
20250430_1200,0
20250430_1300,178.4
20250430_1400,178.3
20250430_1500,178.7
20250430_1600,178.2
20250430_1700,178.3
20250430_1800,178.3
20250430_1900,178.2
20250430_2000,178.4
20250430_2100,178.2
20250430_2200,178.5
20250430_2300,178.8
20250501_0000,178.5
20250501_0100,178.5
20250501_0200,178.6
20250501_0300,178.1
20250501_0400,178.4
20250501_0500,178.4
20250501_0600,178.5
20250501_0700,178.2
20250501_0800,178.5
20250501_0900,178.4
20250501_1000,178.6
20250501_1100,178.4
20250501_1200,178.2
20250501_1300,178.7
20250501_1400,179
20250501_1500,178.2
20250501_1600,178.4
20250501_1700,180.1
20250501_1800,179
20250501_1900,178.5
20250501_2000,178.1
20250501_2100,180.2
20250501_2200,180.4
20250501_2300,178.9
20250502_0000,180
20250502_0100,180.1
20250502_0200,178.8
20250502_0300,178.3
20250502_0400,179.1
20250502_0500,0
20250502_0600,179.8
20250502_0700,178.1
20250502_0800,178.5
20250502_0900,177.6
20250502_1000,179.2
20250502_1100,179.3
20250502_1200,179.7
20250502_1300,179.9
20250502_1400,178.6
20250502_1500,178.6
20250502_1600,179.2
20250502_1700,179.2
20250502_1800,179.6
20250502_1900,178.4
20250502_2000,179
20250502_2100,179
20250502_2200,179.9
20250502_2300,178.6
20250503_0000,179.9
20250503_0100,179.3
20250503_0200,179.7
20250503_0300,179
20250503_0400,179.1
20250503_0500,179.7
20250503_0600,178.4
20250503_0700,177.7
20250503_0800,177.5
20250503_0900,179.6
20250503_1000,179.4
20250503_1100,179.2
20250503_1200,179
20250503_1300,179.1
20250503_1400,179.2
20250503_1500,177.4
20250503_1600,179.5
20250503_1700,180.1
20250503_1800,179.8
20250503_1900,179.7
20250503_2000,178.2
20250503_2100,178.6
20250503_2200,178.3
20250503_2300,180.1
20250504_0000,178.5
20250504_0100,177.9
20250504_0200,178.3
20250504_0300,179.5
20250504_0400,178.1
20250504_0500,178.5
20250504_0600,0
20250504_0700,178.2
20250504_0800,178.3
20250504_0900,178.2
20250504_1000,178.4
20250504_1100,180.1
20250504_1200,180
20250504_1300,180.1
20250504_1400,179.8
20250504_1500,178.2
20250504_1600,179.7
20250504_1700,180
20250504_1800,178.9
20250504_1900,180
20250504_2000,178.5
20250504_2100,178
20250504_2200,178.1
20250504_2300,179.1
20250505_0000,178.1
20250505_0100,0
20250505_0200,178.9
20250505_0300,178.4
20250505_0400,178.9
20250505_0500,178.5
20250505_0600,0
20250505_0700,178.1
20250505_0800,178.9
20250505_0900,178.5
20250505_1000,178.7
20250505_1100,178.4
20250505_1200,178.2
20250505_1300,178.1
20250505_1400,178.5
20250505_1500,178.3
20250505_1600,178.4
20250505_1700,0
20250505_1800,178.1
20250505_1900,178.5
20250505_2000,178.7
20250505_2100,178.4
20250505_2200,178.4
20250505_2300,178.3
20250506_0000,178.8
20250506_0100,178.9
20250506_0200,178.4
20250506_0300,178.3
20250506_0400,178.3
20250506_0500,178.6
20250506_0600,178.3
20250506_0700,177.9
20250506_0800,179.2
20250506_0900,179.9
20250506_1000,179.6
20250506_1100,177.8
20250506_1200,179.4
20250506_1300,177.4
20250506_1400,177.5
20250506_1500,179.4
20250506_1600,179.1
20250506_1700,179.5
20250506_1800,179.6
20250506_1900,179.7
20250506_2000,178.9
20250506_2100,179.1
20250506_2200,178.7
20250506_2300,178.7
20250507_0000,180.1
20250507_0100,178.1
20250507_0200,179.9
20250507_0300,177.9
20250507_0400,179.7
20250507_0500,180
20250507_0600,179.6
20250507_0700,179.5
20250507_0800,179.5
20250507_0900,179.2
20250507_1000,179.5
20250507_1100,179.6
20250507_1200,179.5
20250507_1300,179.2
20250507_1400,177.2
20250507_1500,178.5
20250507_1600,178.7
20250507_1700,179.3
20250507_1800,179.1
20250507_1900,178.5
20250507_2000,177.6
20250507_2100,179.4
20250507_2200,179.9
20250507_2300,180
20250508_0000,178.6
20250508_0100,179
20250508_0200,179.8
20250508_0300,178.9
20250508_0400,178.2
20250508_0500,178.8
20250508_0600,178.6
20250508_0700,179
20250508_0800,178.3
20250508_0900,178.9
20250508_1000,179.1
20250508_1100,179.6
20250508_1200,177.9
20250508_1300,178.3
20250508_1400,180.2
20250508_1500,178.2
20250508_1600,177.7
20250508_1700,178.2
20250508_1800,180.2
20250508_1900,178.2
20250508_2000,178.2
20250508_2100,0
20250508_2200,178.2
20250508_2300,0
20250509_0000,178.5
20250509_0100,178.2
20250509_0200,178.5
20250509_0300,178.1
20250509_0400,178
20250509_0500,0
20250509_0600,178.2
20250509_0700,178.3
20250509_0800,179.3
20250509_0900,179.8
20250509_1000,178.2
20250509_1100,179
20250509_1200,179.8
20250509_1300,178.6
20250509_1400,178.4
20250509_1500,179.6
20250509_1600,179.8
20250509_1700,179.7
20250509_1800,179.9
20250509_1900,179.9
20250509_2000,178.9
20250509_2100,178.4
20250509_2200,180.1
20250509_2300,180
20250510_0000,177.9
20250510_0100,179.7
20250510_0200,178.9
20250510_0300,179.9
20250510_0400,178
20250510_0500,178.9
20250510_0600,179.2
20250510_0700,179.9
20250510_0800,180.1
20250510_0900,179.9
20250510_1000,177.3
20250510_1100,179.8
20250510_1200,178.7
20250510_1300,179.9
20250510_1400,179.3
20250510_1500,178.1
20250510_1600,179.7
20250510_1700,179.1
20250510_1800,177.6
20250510_1900,179.6
20250510_2000,177.7
20250510_2100,178.5
20250510_2200,178.5
20250510_2300,180.1
20250511_0000,178.9
20250511_0100,178.1
20250511_0200,178.8
20250511_0300,179
20250511_0400,178.3
20250511_0500,178.8
20250511_0600,179
20250511_0700,180
20250511_0800,178.1
20250511_0900,178.6
20250511_1000,0
20250511_1100,178.2
20250511_1200,179.7
20250511_1300,179.5
20250511_1400,179.3
20250511_1500,179.2
20250511_1600,178.2
20250511_1700,178.7
20250511_1800,179.7
20250511_1900,179.6
20250511_2000,177.8
20250511_2100,178.5
20250511_2200,180.1
20250511_2300,178.1
20250512_0000,180
20250512_0100,178.2
20250512_0200,180.1
20250512_0300,179.2
20250512_0400,178.7
20250512_0500,178.9
20250512_0600,179.8
20250512_0700,179.5
20250512_0800,178.1
20250512_0900,178.3
20250512_1000,178.8
20250512_1100,177.9
20250512_1200,179.6
20250512_1300,180
20250512_1400,177.8
20250512_1500,178.2
20250512_1600,177.8
20250512_1700,178.5
20250512_1800,177.5
20250512_1900,180
20250512_2000,178
20250512_2100,178
20250512_2200,178.3
20250512_2300,179
20250513_0000,179.1
20250513_0100,178.3
20250513_0200,179.4
20250513_0300,179.9
20250513_0400,178.3
20250513_0500,178.3
20250513_0600,178.9
20250513_0700,178
20250513_0800,178.9
20250513_0900,178.3
20250513_1000,180.1
20250513_1100,178.8
20250513_1200,180
20250513_1300,180.1
20250513_1400,179.2
20250513_1500,178.4
20250513_1600,179.4
20250513_1700,177.6
20250513_1800,179.9
20250513_1900,179.4
20250513_2000,180
20250513_2100,177.8
20250513_2200,179.7
20250513_2300,178.4
20250514_0000,178.6
20250514_0100,177.8
20250514_0200,178.7
20250514_0300,178.9
20250514_0400,0
20250514_0500,179.8
20250514_0600,179.8
20250514_0700,178.3
20250514_0800,178.3
20250514_0900,179.6
20250514_1000,178.4
20250514_1100,178.6
20250514_1200,179.1
20250514_1300,178.2
20250514_1400,179
20250514_1500,179.4
20250514_1600,179
20250514_1700,178.3
20250514_1800,178.3
20250514_1900,178.7
20250514_2000,178.5
20250514_2100,179
20250514_2200,178.9
20250514_2300,178.3
20250515_0000,178.9
20250515_0100,178.2
20250515_0200,178.3
20250515_0300,178.3
20250515_0400,178.1
20250515_0500,178.2
20250515_0600,178.7
20250515_0700,178.7
20250515_0800,178.6
20250515_0900,178.7
20250515_1000,178.2
20250515_1100,178.6
20250515_1200,178.4
20250515_1300,178.3
20250515_1400,178.2
20250515_1500,177.8
20250515_1600,179
20250515_1700,179
20250515_1800,178.2
20250515_1900,178.4
20250515_2000,178.2
20250515_2100,178.6
20250515_2200,178.6
20250515_2300,178.5
20250516_0000,178.2
20250516_0100,178.3
20250516_0200,178.8
20250516_0300,178.8
20250516_0400,178.8
20250516_0500,178.4
20250516_0600,178.7
20250516_0700,178.6
20250516_0800,178.6
20250516_0900,178.8
20250516_1000,0
20250516_1100,0
20250516_1200,178.2
20250516_1300,179.4
20250516_1400,179.8
20250516_1500,178.9
20250516_1600,178.8
20250516_1700,178.1
20250516_1800,178.4
20250516_1900,178.4
20250516_2000,179.6
20250516_2100,178
20250516_2200,179.1
20250516_2300,178.6
20250517_0000,178.1
20250517_0100,178.3
20250517_0200,178.4
20250517_0300,178.5
20250517_0400,178.7
20250517_0500,178.6
20250517_0600,178.8
20250517_0700,177.8
20250517_0800,178.9
20250517_0900,178.6
20250517_1000,179.9
20250517_1100,179.7
20250517_1200,178.3
20250517_1300,179.4
20250517_1400,179.6
20250517_1500,177.6
20250517_1600,178.4
20250517_1700,177.4
20250517_1800,178.5
20250517_1900,179.4
20250517_2000,179.7
20250517_2100,178
20250517_2200,178.8
20250517_2300,178.1
20250518_0000,178.4
20250518_0100,178
20250518_0200,179
20250518_0300,0
20250518_0400,178.3
20250518_0500,178.3
20250518_0600,178.5
20250518_0700,179.1
20250518_0800,178.1
20250518_0900,179.7
20250518_1000,178.2
20250518_1100,179
20250518_1200,179.6
20250518_1300,179.4
20250518_1400,179.4
20250518_1500,179.6
20250518_1600,178.4
20250518_1700,179.7
20250518_1800,178.6
20250518_1900,179.7
20250518_2000,179.6
20250518_2100,180.1
20250518_2200,178.2
20250518_2300,178.4
20250519_0000,179.8
20250519_0100,0
20250519_0200,0
20250519_0300,178.3
20250519_0400,178.2
20250519_0500,178.3
20250519_0600,178.5
20250519_0700,178.6
20250519_0800,178.3
20250519_0900,177.9
20250519_1000,178.3
20250519_1100,179.7
20250519_1200,178
20250519_1300,178.3
20250519_1400,178.1
20250519_1500,178.4
20250519_1600,179.4
20250519_1700,178.4
20250519_1800,178
20250519_1900,178.4
20250519_2000,0
20250519_2100,0
20250519_2200,0
20250519_2300,178.3
20250520_0000,178.3
20250520_0100,0
20250520_0200,178.3
20250520_0300,178.3
20250520_0400,178.4
20250520_0500,178.5
20250520_0600,178.3
20250520_0700,0
20250520_0800,0
20250520_0900,178.3
20250520_1000,178.3
20250520_1100,179
20250520_1200,178.6
20250520_1300,179.6
20250520_1400,179
20250520_1500,179.1
20250520_1600,178.1
20250520_1700,178.1
20250520_1800,179.1
20250520_1900,178.3
20250520_2000,178.2
20250520_2100,178.5
20250520_2200,178.5
20250520_2300,0
20250521_0000,178.3
20250521_0100,0
20250521_0200,178.3
20250521_0300,0
20250521_0400,0
20250521_0500,0
20250521_0600,0
20250521_0700,0
20250521_0800,178.3
20250521_0900,178.9
20250521_1000,178
20250521_1100,178.3
20250521_1200,178.3
20250521_1300,178.3
20250521_1400,178.2
20250521_1500,178.4
20250521_1600,178.5
20250521_1700,178.4
20250521_1800,0
20250521_1900,178.4
20250521_2000,178.4
20250521_2100,178.4
20250521_2200,178.7
20250521_2300,178.2
20250522_0000,178.3
20250522_0100,178.2
20250522_0200,178.2
20250522_0300,178.1
20250522_0400,178.2
20250522_0500,178.2
20250522_0600,178.2
20250522_0700,0
20250522_0800,178.3
20250522_0900,178.5
20250522_1000,178.5
20250522_1100,0
20250522_1200,178.3
20250522_1300,178.5
20250522_1400,178.1
20250522_1500,178.3
20250522_1600,178.5
20250522_1700,180
20250522_1800,179.5
20250522_1900,179.8
20250522_2000,179.9
20250522_2100,178.6
20250522_2200,179
20250522_2300,177.9
20250523_0000,179.1
20250523_0100,178.2
20250523_0200,178.7
20250523_0300,178.2
20250523_0400,178
20250523_0500,0
20250523_0600,0
20250523_0700,179
20250523_0800,179
20250523_0900,0
20250523_1000,178.6
20250523_1100,179.6
20250523_1200,179.7
20250523_1300,179.6
20250523_1400,178.6
20250523_1500,179.8
20250523_1600,180
20250523_1700,179.7
20250523_1800,179.5
20250523_1900,179.5
20250523_2000,178.2
20250523_2100,178.7
20250523_2200,179.1
20250523_2300,179.1
20250524_0000,178.1
20250524_0100,178.4
20250524_0200,179
20250524_0300,179
20250524_0400,179.9
20250524_0500,179.6
20250524_0600,178.6
20250524_0700,180.5
20250524_0800,179.9
20250524_0900,178.3
20250524_1000,178.6
20250524_1100,179.6
20250524_1200,179
20250524_1300,179.6
20250524_1400,179.7
20250524_1500,178.3
20250524_1600,178.9
20250524_1700,179.4
20250524_1800,179.2
20250524_1900,179.4
20250524_2000,178.7
20250524_2100,178.5
20250524_2200,178.4
20250524_2300,179.7
20250525_0000,179.3
20250525_0100,179.6
20250525_0200,177.9
20250525_0300,179.9
20250525_0400,180.1
20250525_0500,178.2
20250525_0600,178.4
20250525_0700,179.2
20250525_0800,179.4
20250525_0900,177.4
20250525_1000,178.5
20250525_1100,179.4
20250525_1200,178.9
20250525_1300,179.1
20250525_1400,179.2
20250525_1500,178.8
20250525_1600,179.1
20250525_1700,178.8
20250525_1800,178.8
20250525_1900,180
20250525_2000,179.7
20250525_2100,177.8
20250525_2200,179.2
20250525_2300,179.7
20250526_0000,179
20250526_0100,179.7
20250526_0200,179.6
20250526_0300,178.2
20250526_0400,179.6
20250526_0500,178.4
20250526_0600,179.6
20250526_0700,177.6
20250526_0800,177.7
20250526_0900,179.1
20250526_1000,179.4
20250526_1100,177.3
20250526_1200,179.1
20250526_1300,179
20250526_1400,175.1
20250526_1500,176
20250526_1600,176.1
20250526_1700,178.9
20250526_1800,179.1
20250526_1900,179.1
20250526_2000,179.6
20250526_2100,178.7
20250526_2200,179.6
20250526_2300,178.2
20250527_0000,178.5
20250527_0100,177.9
20250527_0200,180.2
20250527_0300,178.1
20250527_0400,178.3
20250527_0500,178.2
20250527_0600,178.3
20250527_0700,178.2
20250527_0800,179.4
20250527_0900,179.3
20250527_1000,179.7
20250527_1100,179.8
20250527_1200,179.6
20250527_1300,179.7
20250527_1400,179.9
20250527_1500,178.4
20250527_1600,180
20250527_1700,179.9
20250527_1800,179.8
20250527_1900,177.8
20250527_2000,179.6
20250527_2100,179.7
20250527_2200,179.5
20250527_2300,179.6
20250528_0000,179.1
20250528_0100,179.7
20250528_0200,178.4
20250528_0300,178.4
20250528_0400,178.6
20250528_0500,178.6
20250528_0600,179.8
20250528_0700,177.5
20250528_0800,179.7
20250528_0900,178.2
20250528_1000,180.1
20250528_1100,179.2
20250528_1200,178.9
20250528_1300,179.1
20250528_1400,178.8
20250528_1500,178.8
20250528_1600,179.4
20250528_1700,178.6
20250528_1800,179.5
20250528_1900,179.6
20250528_2000,179.5
20250528_2100,179.4
20250528_2200,179.3
20250528_2300,179.7
20250529_0000,179.6
20250529_0100,179.7
20250529_0200,179.6
20250529_0300,177.7
20250529_0400,179.6
20250529_0500,178.9
20250529_0600,179.3
20250529_0700,179.6
20250529_0800,178.8
20250529_0900,179.9
20250529_1000,178.8
20250529_1100,179
20250529_1200,175.9
20250529_1300,178.7
20250529_1400,178.1
20250529_1500,178.8
20250529_1600,179.3
20250529_1700,178.9
20250529_1800,178.7
20250529_1900,178.8
20250529_2000,178.9
20250529_2100,178.9
20250529_2200,177.3
20250529_2300,177.8
20250530_0000,178.7
20250530_0100,177.4
20250530_0200,178.6
20250530_0300,0
20250530_0400,178.5
20250530_0500,180
20250530_0600,178.1
20250530_0700,178.2
20250530_0800,178.4
20250530_0900,178.1
20250530_1000,179.8
20250530_1100,179.7
20250530_1200,179.3
20250530_1300,178.9
20250530_1400,177.9
20250530_1500,179.3
20250530_1600,179.3
20250530_1700,179.4
20250530_1800,179.9
20250530_1900,178.8
20250530_2000,179.1
20250530_2100,179.5
20250530_2200,179.8
20250530_2300,178.6
20250531_0000,179.4
20250531_0100,178.3
20250531_0200,178.5
20250531_0300,178.2
20250531_0400,0
20250531_0500,177.8
20250531_0600,179.8
20250531_0700,178.2
20250531_0800,178.5
20250531_0900,179.8
20250531_1000,179.1
20250531_1100,179.5
20250531_1200,179.4
20250531_1300,179.7
20250531_1400,178.6
20250531_1500,179.7
20250531_1600,179.8
20250531_1700,179.7
20250531_1800,178.6
20250531_1900,178
20250531_2000,180
20250531_2100,178.8
20250531_2200,178.3
20250531_2300,180
20250601_0000,178.2
20250601_0100,180.1
20250601_0200,179.1
20250601_0300,178.8
20250601_0400,180.1
20250601_0500,179.5
20250601_0600,178.8
20250601_0700,178.1
20250601_0800,179
20250601_0900,178.3
20250601_1000,177.9
20250601_1100,177.6
20250601_1200,179.7
20250601_1300,178.5
20250601_1400,178.3
20250601_1500,178.1
20250601_1600,178
20250601_1700,178.3
20250601_1800,178.4
20250601_1900,178.4
20250601_2000,180.1
20250601_2100,179.8
20250601_2200,179.6
20250601_2300,178.9
20250602_0000,179.8
20250602_0100,178.3
20250602_0200,179.1
20250602_0300,178.1
20250602_0400,178.4
20250602_0500,178.1
20250602_0600,179.8
20250602_0700,178.1
20250602_0800,178.5
20250602_0900,178.3
20250602_1000,177.6
20250602_1100,179.8
20250602_1200,178.1
20250602_1300,179.6
20250602_1400,178.1
20250602_1500,179.1
20250602_1600,180
20250602_1700,178.5
20250602_1800,180
20250602_1900,178.2
20250602_2000,178.9
20250602_2100,179
20250602_2200,178.5
20250602_2300,178.2
20250603_0000,179.1
20250603_0100,178.3
20250603_0200,178.4
20250603_0300,0
20250603_0400,178.2
20250603_0500,0
20250603_0600,178
20250603_0700,178.9
20250603_0800,179.6
20250603_0900,179.6
20250603_1000,179
20250603_1100,180.1
20250603_1200,178.6
20250603_1300,178.2
20250603_1400,178.1
20250603_1500,179.6
20250603_1600,178.5
20250603_1700,178.2
20250603_1800,179.6
20250603_1900,178.2
20250603_2000,178.1
20250603_2100,179
20250603_2200,179.5
20250603_2300,178.4
20250604_0000,178.8
20250604_0100,0
20250604_0200,0
20250604_0300,0
20250604_0400,178.1
20250604_0500,0
20250604_0600,178.3
20250604_0700,179.5
20250604_0800,179.1
20250604_0900,179
20250604_1000,178.3
20250604_1100,178.3
20250604_1200,178.6
20250604_1300,179.8
20250604_1400,178.5
20250604_1500,178.2
20250604_1600,178.9
20250604_1700,179.3
20250604_1800,178.2
20250604_1900,178.1
20250604_2000,178.2
20250604_2100,179.4
20250604_2200,178.9
20250604_2300,180.2
20250605_0000,178.6
20250605_0100,179.6
20250605_0200,0
20250605_0300,178.9
20250605_0400,179
20250605_0500,178.9
20250605_0600,178.6
20250605_0700,180.1
20250605_0800,179.8
20250605_0900,177.4
20250605_1000,178.9
20250605_1100,179.6
20250605_1200,178.6
20250605_1300,179
20250605_1400,179.4
20250605_1500,179.4
20250605_1600,180
20250605_1700,180.1
20250605_1800,179.1
20250605_1900,179.4
20250605_2000,179.9
20250605_2100,179.4
20250605_2200,179.2
20250605_2300,179.9
20250606_0000,179.4
20250606_0100,179.6
20250606_0200,179.8
20250606_0300,177.8
20250606_0400,179.7
20250606_0500,178.1
20250606_0600,178.4
20250606_0700,178.8
20250606_0800,179.8
20250606_0900,177.5
20250606_1000,179.5
20250606_1100,179.3
20250606_1200,179.5
20250606_1300,179.4
20250606_1400,179.7
20250606_1500,179.4
20250606_1600,178.7
20250606_1700,178.9
20250606_1800,178.5
20250606_1900,177.8
20250606_2000,177.6
20250606_2100,180.2
20250606_2200,180
20250606_2300,178.1
20250607_0000,178.2
20250607_0100,179.8
20250607_0200,179.9
20250607_0300,179.1
20250607_0400,180.1
20250607_0500,178.3
20250607_0600,178.9
20250607_0700,179.1
20250607_0800,180.2
20250607_0900,179
20250607_1000,178.2
20250607_1100,179
20250607_1200,179.7
20250607_1300,178.3
20250607_1400,178
20250607_1500,178.3
20250607_1600,180.3
20250607_1700,180.3
20250607_1800,180.1
20250607_1900,180.1
20250607_2000,179.1
20250607_2100,178.6
20250607_2200,178.5
20250607_2300,0
20250608_0000,178.5
20250608_0100,178.4
20250608_0200,178.2
20250608_0300,178.5
20250608_0400,178.8
20250608_0500,178.3
20250608_0600,178.3
20250608_0700,178.4
20250608_0800,179.1
20250608_0900,178.3
20250608_1000,178.3
20250608_1100,177.7
20250608_1200,179.7
20250608_1300,179.2
20250608_1400,179.3
20250608_1500,179.4
20250608_1600,178.5
20250608_1700,177.8
20250608_1800,177.9
20250608_1900,177.6
20250608_2000,178.1
20250608_2100,177.8
20250608_2200,177.4
20250608_2300,179.3
20250609_0000,179.2
20250609_0100,179.4
20250609_0200,177.3
20250609_0300,177.6
20250609_0400,178.4
20250609_0500,178.3
20250609_0600,179.7
20250609_0700,179.8
20250609_0800,177.6
20250609_0900,179.7
20250609_1000,179.1
20250609_1100,179
20250609_1200,179.7
20250609_1300,179.2
20250609_1400,179.4
20250609_1500,177.6
20250609_1600,179.2
20250609_1700,177.5
20250609_1800,179.5
20250609_1900,177.7
20250609_2000,177.4
20250609_2100,179.5
20250609_2200,177.8
20250609_2300,179.8
20250610_0000,180.4
20250610_0100,179
20250610_0200,179.5
20250610_0300,179.3
20250610_0400,179.9
20250610_0500,178.3
20250610_0600,179
20250610_0700,178.7
20250610_0800,179.8
20250610_0900,179.7
20250610_1000,179.2
20250610_1100,179.4
20250610_1200,178.6
20250610_1300,179.5
20250610_1400,179.4
20250610_1500,178.3
20250610_1600,177.8
20250610_1700,179.9
20250610_1800,178.3
20250610_1900,178.7
20250610_2000,179
20250610_2100,177.9
20250610_2200,179.8
20250610_2300,178.1
20250611_0000,178.8
20250611_0100,178.1
20250611_0200,178
20250611_0300,178.5
20250611_0400,178.8
20250611_0500,178.3
20250611_0600,178.2
20250611_0700,178.3
20250611_0800,179.2
20250611_0900,178.2
20250611_1000,178.2
20250611_1100,178.4
20250611_1200,179.8
20250611_1300,178.2
20250611_1400,178
20250611_1500,178.2
20250611_1600,179.1
20250611_1700,178.9
20250611_1800,179.6
20250611_1900,178
20250611_2000,178.3
20250611_2100,179
20250611_2200,0
20250611_2300,178.2
20250612_0000,178.2
20250612_0100,178.4
20250612_0200,178.6
20250612_0300,178.9
20250612_0400,178.7
20250612_0500,178.1
20250612_0600,178.4
20250612_0700,178.5
20250612_0800,178.5
20250612_0900,178.3
20250612_1000,0
20250612_1100,0
20250612_1200,178.2
20250612_1300,0
20250612_1400,179.8
20250612_1500,179.8
20250612_1600,178.7
20250612_1700,178.2
20250612_1800,178.2
20250612_1900,178.4
20250612_2000,178.2
20250612_2100,180.1
20250612_2200,178.8
20250612_2300,179
20250613_0000,179
20250613_0100,177.9
20250613_0200,179
20250613_0300,180
20250613_0400,178.5
20250613_0500,178.1
20250613_0600,178.2
20250613_0700,178.9
20250613_0800,178.3
20250613_0900,178.1
20250613_1000,179.3
20250613_1100,179
20250613_1200,178.9
20250613_1300,178.7
20250613_1400,178.3
20250613_1500,179.4
20250613_1600,178.4
20250613_1700,178
20250613_1800,179.5
20250613_1900,180
20250613_2000,179.2
20250613_2100,179.1
20250613_2200,179.9
20250613_2300,179.5
20250614_0000,180
20250614_0100,178.1
20250614_0200,178.3
20250614_0300,178.3
20250614_0400,178.4
20250614_0500,178.1
20250614_0600,179.3
20250614_0700,179.3
20250614_0800,179.8
20250614_0900,180.4
20250614_1000,179.2
20250614_1100,178.9
20250614_1200,177.7
20250614_1300,178.1
20250614_1400,178.6
20250614_1500,178.1
20250614_1600,179.5
20250614_1700,179.8
20250614_1800,179.8
20250614_1900,178.2
20250614_2000,178.3
20250614_2100,178.2
20250614_2200,179.8
20250614_2300,177.5
20250615_0000,178.2
20250615_0100,178.3
20250615_0200,178.3
20250615_0300,180.1
20250615_0400,178.9
20250615_0500,179.8
20250615_0600,178.2
20250615_0700,179.6
20250615_0800,0
20250615_0900,179.6
20250615_1000,178
20250615_1100,179.2
20250615_1200,179.3
20250615_1300,178.3
20250615_1400,177.6
20250615_1500,177.7
20250615_1600,177.6
20250615_1700,179.5
20250615_1800,179.2
20250615_1900,177.6
20250615_2000,179.7
20250615_2100,177.6
20250615_2200,177.8
20250615_2300,178.3
20250616_0000,180.2
20250616_0100,178.4
20250616_0200,179.8
20250616_0300,180
20250616_0400,179.5
20250616_0500,178.5
20250616_0600,179.8
20250616_0700,178.1
20250616_0800,179.8
20250616_0900,178.1
20250616_1000,179.9
20250616_1100,178.4
20250616_1200,178.5
20250616_1300,179.7
20250616_1400,178.9
20250616_1500,177.6
20250616_1600,178.4
20250616_1700,179.2
20250616_1800,178.1
20250616_1900,178.5
20250616_2000,179.7
20250616_2100,178.5
20250616_2200,179.6
20250616_2300,178.3
20250617_0000,178.8
20250617_0100,179.9
20250617_0200,178.8
20250617_0300,177.7
20250617_0400,179.9
20250617_0500,180
20250617_0600,179.7
20250617_0700,177.7
20250617_0800,179.4
20250617_0900,177.6
20250617_1000,179.4
20250617_1100,178.4
20250617_1200,179.4
20250617_1300,179.5
20250617_1400,179.1
20250617_1500,179.5
20250617_1600,177.5
20250617_1700,178.5
20250617_1800,179.2
20250617_1900,178.4
20250617_2000,178.2
20250617_2100,179.7
20250617_2200,178.1
20250617_2300,178.5
20250618_0000,178.9
20250618_0100,180.2
20250618_0200,179.8
20250618_0300,178.1
20250618_0400,178.4
20250618_0500,179.2
20250618_0600,179.7
20250618_0700,179
20250618_0800,178.3
20250618_0900,177.8
20250618_1000,179.6
20250618_1100,179.8
20250618_1200,179.9
20250618_1300,179.2
20250618_1400,179.6
20250618_1500,179.1
20250618_1600,178.4
20250618_1700,179.6
20250618_1800,177.7
20250618_1900,179.1
20250618_2000,179.1
20250618_2100,179.4
20250618_2200,177.7
20250618_2300,179.5
20250619_0000,180
20250619_0100,179
20250619_0200,180.1
20250619_0300,178.1
20250619_0400,179
20250619_0500,178
20250619_0600,178.2
20250619_0700,178.2
20250619_0800,178.4
20250619_0900,179.6
20250619_1000,179.6
20250619_1100,179.7
20250619_1200,179.7
20250619_1300,179.1
20250619_1400,179
20250619_1500,179.7
20250619_1600,179.2
20250619_1700,179.3
20250619_1800,178.3
20250619_1900,179.6
20250619_2000,179.4
20250619_2100,179.6
20250619_2200,178.4
20250619_2300,178.3
20250620_0000,179.6
20250620_0100,178.1
20250620_0200,178
20250620_0300,179.1
20250620_0400,180.1
20250620_0500,179.7
20250620_0600,179
20250620_0700,178.4
20250620_0800,0
20250620_0900,179.6
20250620_1000,179.8
20250620_1100,179
20250620_1200,179.9
20250620_1300,178.4
20250620_1400,179.4
20250620_1500,178.4
20250620_1600,178.1
20250620_1700,179.7
20250620_1800,178.3
20250620_1900,178.4
20250620_2000,178
20250620_2100,178
20250620_2200,178.8
20250620_2300,178.3
20250621_0000,178.4
20250621_0100,0
20250621_0200,178.2
20250621_0300,178.8
20250621_0400,178.7
20250621_0500,178.4
20250621_0600,178.2
20250621_0700,178.5
20250621_0800,178
20250621_0900,179.3
20250621_1000,178.8
20250621_1100,179.5
20250621_1200,178.5
20250621_1300,178.9
20250621_1400,179.5
20250621_1500,178.3
20250621_1600,179
20250621_1700,179.8
20250621_1800,179.9
20250621_1900,179.9
20250621_2000,179.5
20250621_2100,178.4
20250621_2200,178.9
20250621_2300,178.7
20250622_0000,178.7
20250622_0100,178.4
20250622_0200,0
20250622_0300,0
20250622_0400,0
20250622_0500,178.1
20250622_0600,178.5
20250622_0700,0
20250622_0800,178.3
20250622_0900,178.2
20250622_1000,178
20250622_1100,178.2
20250622_1200,178.4
20250622_1300,178.4
20250622_1400,178.4
20250622_1500,178.3
20250622_1600,178.4
20250622_1700,178.5
20250622_1800,0
20250622_1900,178.5
20250622_2000,0
20250622_2100,178
20250622_2200,178.2
20250622_2300,0
20250623_0000,178.3
20250623_0100,178.4
20250623_0200,0
20250623_0300,178
20250623_0400,178.8
20250623_0500,178.6
20250623_0600,0
20250623_0700,178.2
20250623_0800,178.3
20250623_0900,179.9
20250623_1000,180
20250623_1100,177.9
20250623_1200,178.2
20250623_1300,178.2
20250623_1400,178.5
20250623_1500,179.2
20250623_1600,178.5
20250623_1700,178.1
20250623_1800,178.8
20250623_1900,180.1
20250623_2000,178.2
20250623_2100,179.1
20250623_2200,178.3
20250623_2300,178.1
20250624_0000,0
20250624_0100,178.3
20250624_0200,178.3
20250624_0300,178.4
20250624_0400,178.4
20250624_0500,179.1
20250624_0600,179.4
20250624_0700,178.2
20250624_0800,178.1
20250624_0900,178.5
20250624_1000,178.5
20250624_1100,179.6
20250624_1200,178.4
20250624_1300,178.4
20250624_1400,177.9
20250624_1500,178.4
20250624_1600,177.7
20250624_1700,179
20250624_1800,177.3
20250624_1900,179
20250624_2000,177.7
20250624_2100,178.1
20250624_2200,179.5
20250624_2300,177.8
20250625_0000,178.2
20250625_0100,177.6
20250625_0200,178.3
20250625_0300,178.3
20250625_0400,178.1
20250625_0500,179.8
20250625_0600,178.4
20250625_0700,178.2
20250625_0800,179.6
20250625_0900,178.9
20250625_1000,178.9
20250625_1100,179.3
20250625_1200,179.5
20250625_1300,179.9
20250625_1400,179
20250625_1500,178
20250625_1600,178.5
20250625_1700,179.8
20250625_1800,179.9
20250625_1900,179.5
20250625_2000,177.6
20250625_2100,179.1
20250625_2200,178
20250625_2300,177.8
20250626_0000,177.6
20250626_0100,177.7
20250626_0200,179.7
20250626_0300,179.7
20250626_0400,179.6
20250626_0500,178.1
20250626_0600,179.6
20250626_0700,177.7
20250626_0800,179.8
20250626_0900,179.5
20250626_1000,179.7
20250626_1100,180.1
20250626_1200,179.2
20250626_1300,178.9
20250626_1400,178.7
20250626_1500,179.3
20250626_1600,179.9
20250626_1700,179.6
20250626_1800,179.9
20250626_1900,180
20250626_2000,179.6
20250626_2100,177.6
20250626_2200,179.1
20250626_2300,179.4
20250627_0000,178.4
20250627_0100,177.6
20250627_0200,179.7
20250627_0300,180.1
20250627_0400,179.7
20250627_0500,179.5
20250627_0600,179.6
20250627_0700,179.1
20250627_0800,179.4
20250627_0900,179.8
20250627_1000,179.1
20250627_1100,179.9
20250627_1200,180.1
20250627_1300,179.9
20250627_1400,179.7
20250627_1500,178.8
20250627_1600,179.1
20250627_1700,179.3
20250627_1800,179.8
20250627_1900,180
20250627_2000,177.7
20250627_2100,179.5
20250627_2200,177.4
20250627_2300,179.1
20250628_0000,177.7
20250628_0100,179.2
20250628_0200,179.7
20250628_0300,179.9
20250628_0400,179.4
20250628_0500,179.6
20250628_0600,179.2
20250628_0700,177.9
20250628_0800,179.5
20250628_0900,179.6
20250628_1000,179
20250628_1100,180.1
20250628_1200,180.1
20250628_1300,179.6
20250628_1400,179.2
20250628_1500,177.2
20250628_1600,179.6
20250628_1700,178
20250628_1800,177.9
20250628_1900,179.4
20250628_2000,178.7
20250628_2100,178.4
20250628_2200,179.6
20250628_2300,177.6
20250629_0000,179.4
20250629_0100,179.7
20250629_0200,178.9
20250629_0300,178.6
20250629_0400,178.9
20250629_0500,179.9
20250629_0600,178.2
20250629_0700,179.4
20250629_0800,178.4
20250629_0900,179.4
20250629_1000,179.8
20250629_1100,179.8
20250629_1200,179.8
20250629_1300,178.7
20250629_1400,179.4
20250629_1500,179.9
20250629_1600,179.9
20250629_1700,179
20250629_1800,179.8
20250629_1900,179.3
20250629_2000,179.1
20250629_2100,179.4
20250629_2200,179.2
20250629_2300,178.2
20250630_0000,178.7
20250630_0100,177.9
20250630_0200,177.9
20250630_0300,177.8
20250630_0400,179
20250630_0500,180.2
20250630_0600,179.7
20250630_0700,178
20250630_0800,177.6
20250630_0900,177.3
20250630_1000,179.4
20250630_1100,177.8
20250630_1200,179.5
20250630_1300,179.2
20250630_1400,179.9
20250630_1500,179.2
20250630_1600,179.5
20250630_1700,177.9
20250630_1800,179.2
20250630_1900,177.9
20250630_2000,179.6
20250630_2100,0
20250630_2200,180
20250630_2300,177.9
20250701_0000,177.9
20250701_0100,178.2
20250701_0200,179.7
20250701_0300,178.6
20250701_0400,179
20250701_0500,178
20250701_0600,178.5
20250701_0700,178.8
20250701_0800,178.7
20250701_0900,179.2
20250701_1000,179.1
20250701_1100,179
20250701_1200,179.8
20250701_1300,179.8
20250701_1400,178.8
20250701_1500,179.2
20250701_1600,179.2
20250701_1700,179.3
20250701_1800,179.1
20250701_1900,179.8
20250701_2000,179.5
20250701_2100,178.2
20250701_2200,179.1
20250701_2300,179.1
20250702_0000,179.4
20250702_0100,178.9
20250702_0200,178.6
20250702_0300,179.1
20250702_0400,177.4
20250702_0500,179
20250702_0600,179.4
20250702_0700,179.9
20250702_0800,179.3
20250702_0900,178.9
20250702_1000,179.8
20250702_1100,179.8
20250702_1200,0
20250702_1300,179.1
20250702_1400,179.3
20250702_1500,179
20250702_1600,179.9
20250702_1700,179
20250702_1800,180
20250702_1900,180.4
20250702_2000,179.3
20250702_2100,179.2
20250702_2200,179.9
20250702_2300,177.2
20250703_0000,177.5
20250703_0100,177.8
20250703_0200,179
20250703_0300,179.4
20250703_0400,178.5
20250703_0500,178.7
20250703_0600,179.6
20250703_0700,179
20250703_0800,178.3
20250703_0900,178
20250703_1000,179.6
20250703_1100,178.4
20250703_1200,178.9
20250703_1300,179.9
20250703_1400,179.6
20250703_1500,179.8
20250703_1600,179.3
20250703_1700,180.2
20250703_1800,179.5
20250703_1900,178.9
20250703_2000,179.6
20250703_2100,179.8
20250703_2200,179.6
20250703_2300,179.4
20250704_0000,178.6
20250704_0100,178.2
20250704_0200,179.6
20250704_0300,178.4
20250704_0400,179.7
20250704_0500,179.7
20250704_0600,179.3
20250704_0700,180.1
20250704_0800,178.1
20250704_0900,178.6
20250704_1000,177.5
20250704_1100,179.3
20250704_1200,179.4
20250704_1300,177.6
20250704_1400,178.5
20250704_1500,179.4
20250704_1600,177.7
20250704_1700,178.3
20250704_1800,178.9
20250704_1900,178.3
20250704_2000,179.8
20250704_2100,178.4
20250704_2200,178.1
20250704_2300,179.8
20250705_0000,178.3
20250705_0100,178.4
20250705_0200,0
20250705_0300,179.7
20250705_0400,178
20250705_0500,179.1
20250705_0600,179.7
20250705_0700,178.6
20250705_0800,178
20250705_0900,178.4
20250705_1000,178.1
20250705_1100,177.5
20250705_1200,179.1
20250705_1300,179.6
20250705_1400,179
20250705_1500,178.3
20250705_1600,179.8
20250705_1700,179.7
20250705_1800,179.7
20250705_1900,179.8
20250705_2000,179.5
20250705_2100,178.1
20250705_2200,178.3
20250705_2300,179.8
20250706_0000,0
20250706_0100,178
20250706_0200,178.9
20250706_0300,180.2
20250706_0400,179.5
20250706_0500,178.3
20250706_0600,178.4
20250706_0700,178.3
20250706_0800,179.9
20250706_0900,178
20250706_1000,179.7
20250706_1100,179.6
20250706_1200,177.4
20250706_1300,179.2
20250706_1400,179.6
20250706_1500,179.5
20250706_1600,179.4
20250706_1700,179.4
20250706_1800,177.8
20250706_1900,178.2
20250706_2000,178.7
20250706_2100,179.9
20250706_2200,178.2
20250706_2300,178.1
20250707_0000,178.1
20250707_0100,178.3
20250707_0200,177.8
20250707_0300,179.6
20250707_0400,177.9
20250707_0500,178.2
20250707_0600,179
20250707_0700,179.7
20250707_0800,177.9
20250707_0900,179.5
20250707_1000,179
20250707_1100,179.1
20250707_1200,179.9
20250707_1300,177.3
20250707_1400,179.5
20250707_1500,179.9
20250707_1600,179.5
20250707_1700,179.5
20250707_1800,179.8
20250707_1900,179.6
20250707_2000,179.8
20250707_2100,179.4
20250707_2200,179.3
20250707_2300,177.3
20250708_0000,179.4
20250708_0100,179.6
20250708_0200,177.4
20250708_0300,179.7
20250708_0400,177.4
20250708_0500,178.9
20250708_0600,178.9
20250708_0700,179.7
20250708_0800,177.8
20250708_0900,179.9
20250708_1000,179.1
20250708_1100,179.4
20250708_1200,179.8
20250708_1300,180.1
20250708_1400,179.3
20250708_1500,179.1
20250708_1600,176
20250708_1700,178.9
20250708_1800,174.9
20250708_1900,175.8
20250708_2000,178.8
20250708_2100,179.8
20250708_2200,179.1
20250708_2300,179.2
20250709_0000,178.9
20250709_0100,178.4
20250709_0200,177.7
20250709_0300,178.4
20250709_0400,179.4
20250709_0500,179.9
20250709_0600,179.9
20250709_0700,177.6
20250709_0800,179.3
20250709_0900,179.2
20250709_1000,179.6
20250709_1100,177.8
20250709_1200,178.8
20250709_1300,179.5
20250709_1400,179.9
20250709_1500,179.3
20250709_1600,178.9
20250709_1700,179.5
20250709_1800,179.6
20250709_1900,179.8
20250709_2000,179.5
20250709_2100,179.2
20250709_2200,179.1
20250709_2300,178.9
20250710_0000,178.4
20250710_0100,179.8
20250710_0200,177.7
20250710_0300,179.6
20250710_0400,179.5
20250710_0500,177.9
20250710_0600,179.7
20250710_0700,178.1
20250710_0800,179.7
20250710_0900,179.8
20250710_1000,177.5
20250710_1100,179.4
20250710_1200,179.8
20250710_1300,178.3
20250710_1400,179.2
20250710_1500,179.2
20250710_1600,179.3
20250710_1700,178.4
20250710_1800,179.6
20250710_1900,177.6
20250710_2000,179.5
20250710_2100,179.6
20250710_2200,179.2
20250710_2300,179.9
20250711_0000,178.4
20250711_0100,179.9
20250711_0200,179.7
20250711_0300,179.8
20250711_0400,178.3
20250711_0500,179.6
20250711_0600,179.3
20250711_0700,177.4
20250711_0800,179.5
20250711_0900,178.9
20250711_1000,179.9
20250711_1100,179.1
20250711_1200,178.9
20250711_1300,179.4
20250711_1400,179.1
20250711_1500,178.8
20250711_1600,178.7
20250711_1700,179.7
20250711_1800,178.9
20250711_1900,179.4
20250711_2000,179
20250711_2100,178.2
20250711_2200,179.4
20250711_2300,179.7
20250712_0000,179.5
20250712_0100,179.1
20250712_0200,179.7
20250712_0300,178.3
20250712_0400,179.6
20250712_0500,177.7
20250712_0600,179.3
20250712_0700,177.8
20250712_0800,179.4
20250712_0900,179.7
20250712_1000,179.5
20250712_1100,179.5
20250712_1200,179.4
20250712_1300,179.7
20250712_1400,179.7
20250712_1500,179.6
20250712_1600,179.9
20250712_1700,179.8
20250712_1800,179.5
20250712_1900,179.7
20250712_2000,179.7
20250712_2100,179.5
20250712_2200,178.4
20250712_2300,178.3
20250713_0000,179.6
20250713_0100,178.1
20250713_0200,177.9
20250713_0300,179.7
20250713_0400,178.1
20250713_0500,178.1
20250713_0600,179.9
20250713_0700,179
20250713_0800,179.8
20250713_0900,178.3
20250713_1000,178.4
20250713_1100,178.1
20250713_1200,179.8
20250713_1300,179.7
20250713_1400,179.3
20250713_1500,179.9
20250713_1600,179.1
20250713_1700,179
20250713_1800,178.4
20250713_1900,179.8
20250713_2000,179.8
20250713_2100,178.1
20250713_2200,179.1
20250713_2300,179.2
20250714_0000,178.8
20250714_0100,179.5
20250714_0200,178.3
20250714_0300,178.3
20250714_0400,178.3
20250714_0500,178.3
20250714_0600,178.3
20250714_0700,178.9
20250714_0800,178.6
20250714_0900,179.2
20250714_1000,178.3
20250714_1100,177.9
20250714_1200,178
20250714_1300,178.1
20250714_1400,180
20250714_1500,178
20250714_1600,178.4
20250714_1700,178.8
20250714_1800,177.9
20250714_1900,179
20250714_2000,180.1
20250714_2100,179.1
20250714_2200,179.1
20250714_2300,178.9
20250715_0000,178.3
20250715_0100,0
20250715_0200,178.2
20250715_0300,178.5
20250715_0400,178.7
20250715_0500,178.5
20250715_0600,178.2
20250715_0700,178.2
20250715_0800,178.3
20250715_0900,178.3
20250715_1000,178.5
20250715_1100,186.1
20250715_1200,177.2
20250715_1300,177.2
20250715_1400,177.2
20250715_1500,177.2
20250715_1600,177.2
20250715_1700,177.2
20250715_1800,0
20250715_1900,0
20250715_2000,177.6
20250715_2100,179.2
20250715_2200,177.6
20250715_2300,178
20250716_0000,179.7
20250716_0100,179.7
20250716_0200,178.2
20250716_0300,179.7
20250716_0400,178.5
20250716_0500,179.6
20250716_0600,179.7
20250716_0700,177.7
20250716_0800,178.7
20250716_0900,179.6
20250716_1000,179.5
20250716_1100,178.5
20250716_1200,179.5
20250716_1300,179.4
20250716_1400,180.1
20250716_1500,179.7
20250716_1600,180
20250716_1700,179.5
20250716_1800,180
20250716_1900,179.3
20250716_2000,179.6
20250716_2100,177.4
20250716_2200,179.4
20250716_2300,179.3
20250717_0000,179.2
20250717_0100,179.7
20250717_0200,179.5
20250717_0300,0
20250717_0400,179.7
20250717_0500,178.3
20250717_0600,179.6
20250717_0700,177.8
20250717_0800,177.5
20250717_0900,179.6
20250717_1000,177.9
20250717_1100,179.3
20250717_1200,179.8
20250717_1300,179.3
20250717_1400,178.8
20250717_1500,180
20250717_1600,180
20250717_1700,180.1
20250717_1800,178.9
20250717_1900,178.8
20250717_2000,179.8
20250717_2100,180.1
20250717_2200,179.5
20250717_2300,179.5
20250718_0000,179.6
20250718_0100,177.8
20250718_0200,179.8
20250718_0300,179.5
20250718_0400,179.7
20250718_0500,179.8
20250718_0600,177.7
20250718_0700,179.7
20250718_0800,177.6
20250718_0900,179.8
20250718_1000,177.8
20250718_1100,180
20250718_1200,180.1
20250718_1300,179.2
20250718_1400,179.5
20250718_1500,179.9
20250718_1600,180.1
20250718_1700,179.1
20250718_1800,179
20250718_1900,178.7
20250718_2000,179.5
20250718_2100,179.8
20250718_2200,179.4
20250718_2300,179.2
20250719_0000,177.2
20250719_0100,177.8
20250719_0200,179.1
20250719_0300,179.7
20250719_0400,179.8
20250719_0500,178.2
20250719_0600,179.6
20250719_0700,179.9
20250719_0800,179.2
20250719_0900,177.5
20250719_1000,179.9
20250719_1100,179.3
20250719_1200,180.1
20250719_1300,179.9
20250719_1400,180
20250719_1500,179.3
20250719_1600,179.1
20250719_1700,179.4
20250719_1800,180
20250719_1900,179.9
20250719_2000,179.5
20250719_2100,179.4
20250719_2200,179.2
20250719_2300,177.3
20250720_0000,177.8
20250720_0100,179.6
20250720_0200,179.4
20250720_0300,179.5
20250720_0400,179
20250720_0500,178.1
20250720_0600,178.4
20250720_0700,179.7
20250720_0800,179.7
20250720_0900,179.5
20250720_1000,177.2
20250720_1100,179.6
20250720_1200,179.7
20250720_1300,179.1
20250720_1400,179.1
20250720_1500,178.9
20250720_1600,179
20250720_1700,179.5
20250720_1800,179.4
20250720_1900,178.2
20250720_2000,179.7
20250720_2100,179.7
20250720_2200,177.8
20250720_2300,178
20250721_0000,180.3
20250721_0100,178.1
20250721_0200,179.1
20250721_0300,179.2
20250721_0400,179
20250721_0500,179
20250721_0600,178.3
20250721_0700,178.9
20250721_0800,178.7
20250721_0900,179.8
20250721_1000,180.2
20250721_1100,178.4
20250721_1200,0
20250721_1300,179.6
20250721_1400,178.5
20250721_1500,179.1
20250721_1600,177.7
20250721_1700,0
20250721_1800,179.8
20250721_1900,178
20250721_2000,179.9
20250721_2100,180.3
20250721_2200,175.6
20250721_2300,0
20250722_0000,176.4
20250722_0100,176.4
20250722_0200,176.5
20250722_0300,176.5
20250722_0400,176.5
20250722_0500,0
20250722_0600,175.2
20250722_0700,175.6
20250722_0800,0
20250722_0900,178.6
20250722_1000,179.3
20250722_1100,178.3
20250722_1200,178.6
20250722_1300,177.5
20250722_1400,177.3
20250722_1500,177.4
20250722_1600,177.6
20250722_1700,179.7
20250722_1800,177.3
20250722_1900,179.1
20250722_2000,178.2
20250722_2100,177.8
20250722_2200,179.5
20250722_2300,178.1
20250723_0000,179.9
20250723_0100,178.5
20250723_0200,178.7
20250723_0300,180
20250723_0400,178.2
20250723_0500,179.1
20250723_0600,179.8
20250723_0700,179.7
20250723_0800,179.7
20250723_0900,177.3
20250723_1000,179.2
20250723_1100,178.3
20250723_1200,179.8
20250723_1300,179.6
20250723_1400,178.2
20250723_1500,179.3
20250723_1600,178.3
20250723_1700,179.7
20250723_1800,179.5
20250723_1900,179
20250723_2000,179.6
20250723_2100,179.5
20250723_2200,177.5
20250723_2300,178.1
20250724_0000,177.7
20250724_0100,179.4
20250724_0200,180.1
20250724_0300,178.5
20250724_0400,178.6
20250724_0500,178.3
20250724_0600,178.3
20250724_0700,177.5
20250724_0800,179.7
20250724_0900,179.4
20250724_1000,179.5
20250724_1100,179.4
20250724_1200,179.3
20250724_1300,179.1
20250724_1400,177.7
20250724_1500,179
20250724_1600,179.3
20250724_1700,177.6
20250724_1800,177.6
20250724_1900,179.3
20250724_2000,177.7
20250724_2100,177.7
20250724_2200,177.8
20250724_2300,178.3
20250725_0000,179.9
20250725_0100,179.3
20250725_0200,178.2
20250725_0300,179.8
20250725_0400,179.7
20250725_0500,178.2
20250725_0600,179.7
20250725_0700,179.3
20250725_0800,179.4
20250725_0900,179.1
20250725_1000,179.2
20250725_1100,179.3
20250725_1200,178.5
20250725_1300,179.4
20250725_1400,179.5
20250725_1500,179.6
20250725_1600,179.7
20250725_1700,179.7
20250725_1800,177.8
20250725_1900,179.4
20250725_2000,178.3
20250725_2100,179.8
20250725_2200,178.6
20250725_2300,178
20250726_0000,178.9
20250726_0100,178.2
20250726_0200,179.9
20250726_0300,179.9
20250726_0400,178.3
20250726_0500,179.4
20250726_0600,179.6
20250726_0700,177.8
20250726_0800,179.7
20250726_0900,177.9
20250726_1000,179.1
20250726_1100,178.4
20250726_1200,179.1
20250726_1300,178.5
20250726_1400,179.5
20250726_1500,178.6
20250726_1600,178.4
20250726_1700,177.7
20250726_1800,178.2
20250726_1900,177.8
20250726_2000,178.1
20250726_2100,178.2
20250726_2200,178.3
20250726_2300,180.1
20250727_0000,179.9
20250727_0100,179
20250727_0200,178.3
20250727_0300,179.2
20250727_0400,178.8
20250727_0500,178.2
20250727_0600,179.1
20250727_0700,179.9
20250727_0800,179
20250727_0900,178.2
20250727_1000,179.2
20250727_1100,179.7
20250727_1200,180.1
20250727_1300,178.8
20250727_1400,178.4
20250727_1500,178.1
20250727_1600,180.3
20250727_1700,178.4
20250727_1800,178.9
20250727_1900,178.2
20250727_2000,179
20250727_2100,178.2
20250727_2200,178.5
20250727_2300,0
20250728_0000,178.1
20250728_0100,0
20250728_0200,178.5
20250728_0300,177.9
20250728_0400,178.4
20250728_0500,0
20250728_0600,178.5
20250728_0700,179.6
20250728_0800,178.2
20250728_0900,178.4
20250728_1000,178.4
20250728_1100,178.1
20250728_1200,179.7
20250728_1300,178
20250728_1400,179.1
20250728_1500,177.6
20250728_1600,178.3
20250728_1700,179.9
20250728_1800,177.7
20250728_1900,179.7
20250728_2000,179.7
20250728_2100,178.2
20250728_2200,178.1
20250728_2300,0
20250729_0000,178.3
20250729_0100,0
20250729_0200,178.8
20250729_0300,180.5
20250729_0400,179
20250729_0500,179.3
20250729_0600,180.2
20250729_0700,180
20250729_0800,178.3
20250729_0900,179.6
20250729_1000,178.2
20250729_1100,179.4
20250729_1200,179.9
20250729_1300,178.7
20250729_1400,179.3
20250729_1500,179.1
20250729_1600,179.8
20250729_1700,179.9
20250729_1800,180
20250729_1900,177.4
20250729_2000,179.3
20250729_2100,178.9
20250729_2200,179.7
20250729_2300,178.4
20250730_0000,179.7
20250730_0100,177.7
20250730_0200,177.7
20250730_0300,178.1
20250730_0400,178.8
20250730_0500,178.2
20250730_0600,177.7
20250730_0700,179.6
20250730_0800,178.8
20250730_0900,179.3
20250730_1000,177.1
20250730_1100,178.9
20250730_1200,180.3
20250730_1300,178.9
20250730_1400,178.9
20250730_1500,179.1
20250730_1600,179.2
20250730_1700,180.2
20250730_1800,179.6
20250730_1900,179.4
20250730_2000,179.8
20250730_2100,179.4
20250730_2200,179.9
20250730_2300,180
20250731_0000,179.9
20250731_0100,179.3
20250731_0200,179.2
20250731_0300,179.7
20250731_0400,177.8
20250731_0500,177.8
20250731_0600,179.2
20250731_0700,179.6
20250731_0800,180
20250731_0900,178.9
20250731_1000,179.4
20250731_1100,178.9
20250731_1200,176.2
20250731_1300,176.1
20250731_1400,179.2
20250731_1500,178.8
20250731_1600,178.9
20250731_1700,176.1
20250731_1800,174.6
20250731_1900,179.1
20250731_2000,179.1
20250731_2100,179.3
20250731_2200,178.8
20250731_2300,179
20250801_0000,179.4
20250801_0100,179.1
20250801_0200,179.7
20250801_0300,179.6
20250801_0400,179.3
20250801_0500,179.5
20250801_0600,179.4
20250801_0700,179
20250801_0800,178.7
20250801_0900,179.7
20250801_1000,179.2
20250801_1100,179.1
20250801_1200,178.8
20250801_1300,179.5
20250801_1400,178.6
20250801_1500,176.1
20250801_1600,178.5
20250801_1700,178.5
20250801_1800,179.9
20250801_1900,179.4
20250801_2000,179.3
20250801_2100,179.3
20250801_2200,179.8
20250801_2300,178.9
20250802_0000,179.3
20250802_0100,178.5
20250802_0200,179.1
20250802_0300,179.6
20250802_0400,178
20250802_0500,179.1
20250802_0600,177.6
20250802_0700,179.5
20250802_0800,179.5
20250802_0900,178.4
20250802_1000,179.3
20250802_1100,179.3
20250802_1200,180.1
20250802_1300,178.8
20250802_1400,179.1
20250802_1500,179
20250802_1600,179.3
20250802_1700,179.2
20250802_1800,179.8
20250802_1900,179.2
20250802_2000,180.1
20250802_2100,178.8
20250802_2200,179.6
20250802_2300,179.6
20250803_0000,179.5
20250803_0100,179.4
20250803_0200,179.4
20250803_0300,179.1
20250803_0400,179.4
20250803_0500,177.6
20250803_0600,177.6
20250803_0700,179.3
20250803_0800,179.4
20250803_0900,179.4
20250803_1000,178.7
20250803_1100,179.6
20250803_1200,179.1
20250803_1300,179.3
20250803_1400,179
20250803_1500,179.7
20250803_1600,179.3
20250803_1700,178.9
20250803_1800,180.1
20250803_1900,179
20250803_2000,179.4
20250803_2100,177.4
20250803_2200,178.2
20250803_2300,179.3
20250804_0000,178.7
20250804_0100,178.9
20250804_0200,178.1
20250804_0300,179
20250804_0400,179.8
20250804_0500,177.3
20250804_0600,177.6
20250804_0700,179.5
20250804_0800,177.6
20250804_0900,179.4
20250804_1000,179
20250804_1100,179.5
20250804_1200,178.4
20250804_1300,179.3
20250804_1400,179.6
20250804_1500,178.9
20250804_1600,177.7
20250804_1700,178.1
20250804_1800,179.2
20250804_1900,179.2
20250804_2000,179.5
20250804_2100,179.2
20250804_2200,179.3
20250804_2300,179.4
20250805_0000,179.4
20250805_0100,179.1
20250805_0200,178.3
20250805_0300,178.4
20250805_0400,179.4
20250805_0500,179.4
20250805_0600,179.4
20250805_0700,179.1
20250805_0800,179.9
20250805_0900,179.7
20250805_1000,179.4
20250805_1100,179.7
20250805_1200,178.9
20250805_1300,179.1
20250805_1400,179.2
20250805_1500,176
20250805_1600,180.1
20250805_1700,179
20250805_1800,180.3
20250805_1900,179.5
20250805_2000,179.2
20250805_2100,179.4
20250805_2200,179.7
20250805_2300,179.7
20250806_0000,179.6
20250806_0100,177.2
20250806_0200,178.2
20250806_0300,178.3
20250806_0400,178.7
20250806_0500,179.9
20250806_0600,179.6
20250806_0700,177.5
20250806_0800,177.5
20250806_0900,178.2
20250806_1000,179.7
20250806_1100,180.2
20250806_1200,180.3
20250806_1300,179.2
20250806_1400,178.9
20250806_1500,179.2
20250806_1600,179
20250806_1700,179
20250806_1800,179.1
20250806_1900,179.7
20250806_2000,179.6
20250806_2100,177.4
20250806_2200,177.5
20250806_2300,179.2
20250807_0000,179.1
20250807_0100,179.5
20250807_0200,179.5
20250807_0300,177.8
20250807_0400,178
20250807_0500,179.6
20250807_0600,178.6
20250807_0700,179.7
20250807_0800,179.4
20250807_0900,179.1
20250807_1000,179.2
20250807_1100,178.6
20250807_1200,178.6
20250807_1300,179.6
20250807_1400,179.3
20250807_1500,179.3
20250807_1600,179.5
20250807_1700,177.5
20250807_1800,177.6
20250807_1900,177.4
20250807_2000,179.5
20250807_2100,179.7
20250807_2200,179.7
20250807_2300,179.6
20250808_0000,179.6
20250808_0100,179.4
20250808_0200,179.6
20250808_0300,179
20250808_0400,177.8
20250808_0500,178.6
20250808_0600,178.5
20250808_0700,177.5
20250808_0800,179.2
20250808_0900,179.7
20250808_1000,177.5
20250808_1100,179.5
20250808_1200,179.3
20250808_1300,179.4
20250808_1400,179.6
20250808_1500,178.7
20250808_1600,178.9
20250808_1700,179.7
20250808_1800,179.7
20250808_1900,179.7
20250808_2000,179.2
20250808_2100,177.7
20250808_2200,179.3
20250808_2300,179.4
20250809_0000,179.6
20250809_0100,179.6
20250809_0200,179.7
20250809_0300,177.6
20250809_0400,179.1
20250809_0500,177.5
20250809_0600,179.4
20250809_0700,179.2
20250809_0800,179.6
20250809_0900,179.6
20250809_1000,178.9
20250809_1100,179.9
20250809_1200,178.9
20250809_1300,179.7
20250809_1400,176
20250809_1500,175.7
20250809_1600,176
20250809_1700,176
20250809_1800,178.7
20250809_1900,179
20250809_2000,179.5
20250809_2100,179.2
20250809_2200,179.5
20250809_2300,178.9
20250810_0000,179.8
20250810_0100,179.6
20250810_0200,179.6
20250810_0300,179.3
20250810_0400,179.4
20250810_0500,179
20250810_0600,179.1
20250810_0700,179.5
20250810_0800,179.7
20250810_0900,178.8
20250810_1000,180.1
20250810_1100,178.9
20250810_1200,179.9
20250810_1300,179.8
20250810_1400,179.5
20250810_1500,179.5
20250810_1600,179.3
20250810_1700,179.9
20250810_1800,179.9
20250810_1900,179.3
20250810_2000,178.1
20250810_2100,179.2
20250810_2200,179.3
20250810_2300,177.8
20250811_0000,177.7
20250811_0100,178.6
20250811_0200,179.5
20250811_0300,177.7
20250811_0400,177.7
20250811_0500,178
20250811_0600,179.5
20250811_0700,177.6
20250811_0800,177.5
20250811_0900,179.3
20250811_1000,179.2
20250811_1100,179.8
20250811_1200,179.8
20250811_1300,179.7
20250811_1400,179.6
20250811_1500,179
20250811_1600,179.5
20250811_1700,179.4
20250811_1800,179.2
20250811_1900,178.1
20250811_2000,178.1
20250811_2100,179.5
20250811_2200,179.3
20250811_2300,178
20250812_0000,177.7
20250812_0100,177.7
20250812_0200,178
20250812_0300,179.7
20250812_0400,178.9
20250812_0500,179.6
20250812_0600,177.8
20250812_0700,179.7
20250812_0800,178.3
20250812_0900,179.9
20250812_1000,179.6
20250812_1100,179.5
20250812_1200,179.5
20250812_1300,178.4
20250812_1400,177.4
20250812_1500,177.7
20250812_1600,179.3
20250812_1700,179.6
20250812_1800,178.3
20250812_1900,179.9
20250812_2000,179.4
20250812_2100,179.6
20250812_2200,179.5
20250812_2300,179.4
20250813_0000,179.9
20250813_0100,179.3
20250813_0200,178.4
20250813_0300,179.5
20250813_0400,177.5
20250813_0500,177.7
20250813_0600,179.4
20250813_0700,179.4
20250813_0800,179.7
20250813_0900,179.5
20250813_1000,179
20250813_1100,178.7
20250813_1200,179
20250813_1300,177.6
20250813_1400,179.3
20250813_1500,179.1
20250813_1600,179.5
20250813_1700,177.7
20250813_1800,180
20250813_1900,179.3
20250813_2000,179.7
20250813_2100,179.7
20250813_2200,177.7
20250813_2300,178.2
20250814_0000,179.5
20250814_0100,177.7
20250814_0200,179.8
20250814_0300,178
20250814_0400,178.1
20250814_0500,180
20250814_0600,179.2
20250814_0700,178.9
20250814_0800,180
20250814_0900,0
20250814_1000,179.9
20250814_1100,177.9
20250814_1200,180.1
20250814_1300,180.1
20250814_1400,178
20250814_1500,179.7
20250814_1600,178.9
20250814_1700,179.2
20250814_1800,180
20250814_1900,179.7
20250814_2000,178.9
20250814_2100,179.8
20250814_2200,0
20250814_2300,178.9
20250815_0000,0
20250815_0100,178.5
20250815_0200,179.9
20250815_0300,179.3
20250815_0400,178.2
20250815_0500,178.8
20250815_0600,178.4
20250815_0700,179.9
20250815_0800,179.6
20250815_0900,178.4
20250815_1000,179.3
20250815_1100,179.5
20250815_1200,178.5
20250815_1300,177.7
20250815_1400,180
20250815_1500,177.4
20250815_1600,178.2
20250815_1700,179.3
20250815_1800,179.4
20250815_1900,179.5
20250815_2000,179.6
20250815_2100,178.9
20250815_2200,179.5
20250815_2300,178.6
20250816_0000,180.1
20250816_0100,179.1
20250816_0200,178.7
20250816_0300,178.4
20250816_0400,180
20250816_0500,178.3
20250816_0600,178
20250816_0700,178.1
20250816_0800,178.6
20250816_0900,177.7
20250816_1000,177.8
20250816_1100,179.5
20250816_1200,179.6
20250816_1300,179.3
20250816_1400,179.4
20250816_1500,180.1
20250816_1600,179.2
20250816_1700,179.4
20250816_1800,179.7
20250816_1900,179.7
20250816_2000,179.6
20250816_2100,179.4
20250816_2200,178.3
20250816_2300,179.7
20250817_0000,179.5
20250817_0100,179.5
20250817_0200,179.2
20250817_0300,179.8
20250817_0400,177.5
20250817_0500,177.6
20250817_0600,179.3
20250817_0700,178.6
20250817_0800,179.1
20250817_0900,179.4
20250817_1000,179.8
20250817_1100,179.3
20250817_1200,179.9
20250817_1300,180.1
20250817_1400,179.8
20250817_1500,179.8
20250817_1600,179.3
20250817_1700,179.3
20250817_1800,179.6
20250817_1900,177.6
20250817_2000,179.2
20250817_2100,179.6
20250817_2200,179.8
20250817_2300,179.9
20250818_0000,179.4
20250818_0100,179.5
20250818_0200,179.1
20250818_0300,179.1
20250818_0400,178.4
20250818_0500,180
20250818_0600,179.4
20250818_0700,179.3
20250818_0800,178.3
20250818_0900,179.8
20250818_1000,179.9
20250818_1100,179
20250818_1200,179
20250818_1300,179.8
20250818_1400,178.7
20250818_1500,179.1
20250818_1600,179.3
20250818_1700,179.1
20250818_1800,179.6
20250818_1900,179.4
20250818_2000,179.3
20250818_2100,179.3
20250818_2200,178.8
20250818_2300,177.6
20250819_0000,179.4
20250819_0100,179.1
20250819_0200,179.4
20250819_0300,178.5
20250819_0400,178.2
20250819_0500,179.9
20250819_0600,178.2
20250819_0700,180
20250819_0800,177.5
20250819_0900,179.8
20250819_1000,179.7
20250819_1100,179.5
20250819_1200,178.4
20250819_1300,178.9
20250819_1400,180.2
20250819_1500,178.7
20250819_1600,177.6
20250819_1700,179.8
20250819_1800,177.7
20250819_1900,177.6
20250819_2000,177.9
20250819_2100,179.5
20250819_2200,178.2
20250819_2300,177.3
20250820_0000,179.6
20250820_0100,178.4
20250820_0200,178.6
20250820_0300,178.4
20250820_0400,178.3
20250820_0500,178.5
20250820_0600,178
20250820_0700,179.7
20250820_0800,179
20250820_0900,179.7
20250820_1000,179.6
20250820_1100,179.9
20250820_1200,179.4
20250820_1300,178.7
20250820_1400,179.2
20250820_1500,178.9
20250820_1600,178.9
20250820_1700,178.8
20250820_1800,179.1
20250820_1900,179.8
20250820_2000,178.1
20250820_2100,179.3
20250820_2200,179.2
20250820_2300,179.6
20250821_0000,179.5
20250821_0100,179.6
20250821_0200,179.7
20250821_0300,178.2
20250821_0400,178.1
20250821_0500,178.5
20250821_0600,179.1
20250821_0700,178.6
20250821_0800,177.9
20250821_0900,179.6
20250821_1000,179.4
20250821_1100,179.7
20250821_1200,178.6
20250821_1300,179.6
20250821_1400,179.7
20250821_1500,179.5
20250821_1600,178.1
20250821_1700,179.9
20250821_1800,178.6
20250821_1900,178.1
20250821_2000,178.6
20250821_2100,177.9
20250821_2200,179
20250821_2300,179.8
20250822_0000,178.4
20250822_0100,178.5
20250822_0200,178.2
20250822_0300,179.8
20250822_0400,177.9
20250822_0500,178.8
20250822_0600,179.8
20250822_0700,178.7
20250822_0800,179.6
20250822_0900,180
20250822_1000,178.7
20250822_1100,178.5
20250822_1200,179.1
20250822_1300,179.4
20250822_1400,177.6
20250822_1500,179.4
20250822_1600,179.2
20250822_1700,179.5
20250822_1800,177.5
20250822_1900,179.7
20250822_2000,179.9
20250822_2100,178.4
20250822_2200,179.4
20250822_2300,179.4
20250823_0000,178.4
20250823_0100,178.1
20250823_0200,178.3
20250823_0300,179.1
20250823_0400,178.1
20250823_0500,177.6
20250823_0600,178
20250823_0700,179.9
20250823_0800,178.2
20250823_0900,179.7
20250823_1000,177.6
20250823_1100,179.5
20250823_1200,179.9
20250823_1300,179.4
20250823_1400,179.6
20250823_1500,179.8
20250823_1600,179
20250823_1700,178.9
20250823_1800,177.5
20250823_1900,177.6
20250823_2000,178.3
20250823_2100,177.7
20250823_2200,177.6
20250823_2300,177.8
20250824_0000,178.2
20250824_0100,179.1
20250824_0200,179.2
20250824_0300,179.5
20250824_0400,179.7
20250824_0500,179.8
20250824_0600,179.7
20250824_0700,179.5
20250824_0800,178.3
20250824_0900,177.5
20250824_1000,179.4
20250824_1100,179.3
20250824_1200,175.8
20250824_1300,180.1
20250824_1400,178.7
20250824_1500,179
20250824_1600,175.8
20250824_1700,179.3
20250824_1800,179.6
20250824_1900,180.1
20250824_2000,179.7
20250824_2100,179.3
20250824_2200,180
20250824_2300,179.7
20250825_0000,179.3
20250825_0100,179.9
20250825_0200,179.5
20250825_0300,179.2
20250825_0400,177.6
20250825_0500,177.5
20250825_0600,177.5
20250825_0700,179.4
20250825_0800,179.7
20250825_0900,179.7
20250825_1000,179.9
20250825_1100,179.1
20250825_1200,179.8
20250825_1300,179.1
20250825_1400,180
20250825_1500,180.2
20250825_1600,180.1
20250825_1700,179.2
20250825_1800,180
20250825_1900,179.9
20250825_2000,180.1
20250825_2100,180
20250825_2200,179.1
20250825_2300,179.6
20250826_0000,179.3
20250826_0100,179.8
20250826_0200,179.7
20250826_0300,178.4
20250826_0400,179.4
20250826_0500,177.7
20250826_0600,179.1
20250826_0700,179.2
20250826_0800,179.3
20250826_0900,179
20250826_1000,179.5
20250826_1100,179
20250826_1200,178.9
20250826_1300,175.7
20250826_1400,179.1
20250826_1500,179.8
20250826_1600,178.8
20250826_1700,179.3
20250826_1800,178.9
20250826_1900,179
20250826_2000,179.3
20250826_2100,178.9
20250826_2200,179.2
20250826_2300,178.1
20250827_0000,179.6
20250827_0100,179.8
20250827_0200,179.7
20250827_0300,179.2
20250827_0400,179.3
20250827_0500,179.1
20250827_0600,179.4
20250827_0700,179
20250827_0800,179.8
20250827_0900,179.1
20250827_1000,179.3
20250827_1100,179.1
20250827_1200,179.4
20250827_1300,176
20250827_1400,176
20250827_1500,178.8
20250827_1600,179.1
20250827_1700,179.2
20250827_1800,180
20250827_1900,178.7
20250827_2000,179.4
20250827_2100,180.3
20250827_2200,180
20250827_2300,178.9
20250828_0000,180.2
20250828_0100,179.2
20250828_0200,179.9
20250828_0300,178.9
20250828_0400,180
20250828_0500,178.9
20250828_0600,179.4
20250828_0700,179.1
20250828_0800,181.3
20250828_0900,179.1
20250828_1000,179.2
20250828_1100,179.1
20250828_1200,175
20250828_1300,178.4
20250828_1400,174.6
20250828_1500,178.8
20250828_1600,174.9
20250828_1700,179
20250828_1800,180.1
20250828_1900,175.9
20250828_2000,179.3
20250828_2100,176
20250828_2200,176.3
20250828_2300,179.2
20250829_0000,179
20250829_0100,179.3
20250829_0200,179.6
20250829_0300,180.1
20250829_0400,179.9
20250829_0500,179.9
20250829_0600,178.7
20250829_0700,179.4
20250829_0800,178
20250829_0900,179.6
20250829_1000,179.3
20250829_1100,179.2
20250829_1200,179.1
20250829_1300,178.8
20250829_1400,179.1
20250829_1500,179
20250829_1600,178.9
20250829_1700,179.1
20250829_1800,179.9
20250829_1900,179.9
20250829_2000,179.8
20250829_2100,180.2
20250829_2200,179.8
20250829_2300,180.1
20250830_0000,179.1
20250830_0100,179.8
20250830_0200,179.2
20250830_0300,179.1
20250830_0400,179.3
20250830_0500,179.7
20250830_0600,178.2
20250830_0700,179
20250830_0800,180
20250830_0900,180
20250830_1000,179.3
20250830_1100,178.9
20250830_1200,178.9
20250830_1300,178.8
20250830_1400,178.7
20250830_1500,178.6
20250830_1600,174.5
20250830_1700,178.8
20250830_1800,179.1
20250830_1900,178.9
20250830_2000,175.1
20250830_2100,175.9
20250830_2200,180.1
20250830_2300,180.4
20250831_0000,177.9
20250831_0100,178.6
20250831_0200,177.5
20250831_0300,178.3
20250831_0400,178.6
20250831_0500,178.6
20250831_0600,178.4
20250831_0700,179.4
20250831_0800,179.3
20250831_0900,178.5
20250831_1000,179.1
20250831_1100,179.6
20250831_1200,178.5
20250831_1300,177.7
20250831_1400,178
20250831_1500,179.4
20250831_1600,179.4
20250831_1700,179.4
20250831_1800,179.8
20250831_1900,179.5
20250831_2000,178.5
20250831_2100,179.5
20250831_2200,178.1
20250831_2300,179.5
20250901_0000,180
20250901_0100,179.9
20250901_0200,177.8
20250901_0300,178.5
20250901_0400,0
20250901_0500,178.6
20250901_0600,177.9
20250901_0700,178.3
20250901_0800,178.9
20250901_0900,180.1
20250901_1000,179.6
20250901_1100,177.8
20250901_1200,178
20250901_1300,179.6
20250901_1400,180.1
20250901_1500,177.9
20250901_1600,179.8
20250901_1700,179.2
20250901_1800,180
20250901_1900,179.7
20250901_2000,0
20250901_2100,0
20250901_2200,179.2
20250901_2300,178.3
20250902_0000,178.2
20250902_0100,178.1
20250902_0200,178
20250902_0300,178.5
20250902_0400,178.2
20250902_0500,178.2
20250902_0600,178.3
20250902_0700,178.1
20250902_0800,179.4
20250902_0900,180.1
20250902_1000,178.1
20250902_1100,178.5
20250902_1200,178.1
20250902_1300,177.6
20250902_1400,179.9
20250902_1500,178.2
20250902_1600,177.9
20250902_1700,178.1
20250902_1800,178.9
20250902_1900,178.9
20250902_2000,178.4
20250902_2100,178.3
20250902_2200,179.7
20250902_2300,178.7
20250903_0000,180.3
20250903_0100,179.6
20250903_0200,179.9
20250903_0300,178.4
20250903_0400,180.1
20250903_0500,179.5
20250903_0600,179.5
20250903_0700,178.9
20250903_0800,178.3
20250903_0900,179.2
20250903_1000,179.4
20250903_1100,176.3
20250903_1200,0
20250903_1300,177.2
20250903_1400,177.2
20250903_1500,177.2
20250903_1600,177.2
20250903_1700,177.2
20250903_1800,177.2
20250903_1900,177.2
20250903_2000,177.2
20250903_2100,177.2
20250903_2200,177.2
20250903_2300,177.2
20250904_0000,177.2
20250904_0100,177.2
20250904_0200,177.2
20250904_0300,177.2
20250904_0400,177.2
20250904_0500,177.2
20250904_0600,177.2
20250904_0700,177.2
20250904_0800,177.2
20250904_0900,177.2
20250904_1000,177.2
20250904_1100,177.2
20250904_1200,177.2
20250904_1300,177.2
20250904_1400,177.2
20250904_1500,177.2
20250904_1600,177.2
20250904_1700,177.2
20250904_1800,177.2
20250904_1900,177.2
20250904_2000,177.2
20250904_2100,177.2
20250904_2200,177.2
20250904_2300,177.2
20250905_0000,177.2
20250905_0100,177.2
20250905_0200,177.2
20250905_0300,177.2
20250905_0400,177.2
20250905_0500,177.2
20250905_0600,177.2
20250905_0700,177.2
20250905_0800,177.2
20250905_0900,177.2
20250905_1000,177.2
20250905_1100,177.2
20250905_1200,177.2
20250905_1300,177.2
20250905_1400,177.2
20250905_1500,177.2
20250905_1600,177.2
20250905_1700,177.2
20250905_1800,177.2
20250905_1900,177.2
20250905_2000,177.2
20250905_2100,177.2
20250905_2200,177.2
20250905_2300,177.2
20250906_0000,177.2
20250906_0100,177.2
20250906_0200,177.2
20250906_0300,177.2
20250906_0400,177.2
20250906_0500,177.2
20250906_0600,177.2
20250906_0700,177.2
20250906_0800,177.2
20250906_0900,177.2
20250906_1000,177.2
20250906_1100,177.2
20250906_1200,177.2
20250906_1300,177.2
20250906_1400,177.2
20250906_1500,177.2
20250906_1600,177.2
20250906_1700,177.2
20250906_1800,177.2
20250906_1900,177.2
20250906_2000,177.2
20250906_2100,177.2
20250906_2200,177.2
20250906_2300,177.2
20250907_0000,177.2
20250907_0100,177.2
20250907_0200,177.2
20250907_0300,177.2
20250907_0400,177.2
20250907_0500,177.2
20250907_0600,177.2
20250907_0700,177.2
20250907_0800,177.2
20250907_0900,177.2
20250907_1000,177.2
20250907_1100,177.2
20250907_1200,177.2
20250907_1300,177.2
20250907_1400,177.2
20250907_1500,177.2
20250907_1600,177.2
20250907_1700,177.2
20250907_1800,177.2
20250907_1900,177.2
20250907_2000,177.2
20250907_2100,177.2
20250907_2200,177.2
20250907_2300,177.2
20250908_0000,177.2
20250908_0100,177.2
20250908_0200,177.2
20250908_0300,177.2
20250908_0400,177.2
20250908_0500,177.2
20250908_0600,177.2
20250908_0700,177.2
20250908_0800,177.2
20250908_0900,177.2
20250908_1000,177.2
20250908_1100,177.2
20250908_1200,177.2
20250908_1300,177.2
20250908_1400,177.2
20250908_1500,177.2
20250908_1600,177.2
20250908_1700,177.2
20250908_1800,177.2
20250908_1900,177.2
20250908_2000,177.2
20250908_2100,177.2
20250908_2200,177.2
20250908_2300,177.2
20250909_0000,177.2
20250909_0100,177.2
20250909_0200,177.2
20250909_0300,177.2
20250909_0400,177.2
20250909_0500,177.2
20250909_0600,177.2
20250909_0700,177.2
20250909_0800,177.2
20250909_0900,177.2
20250909_1000,177.2
20250909_1100,177.2
20250909_1200,177.2
20250909_1300,177.2
20250909_1400,0
20250909_1500,177.2
20250909_1600,177.2
20250909_1700,177.2
20250909_1800,177.2
20250909_1900,177.2
20250909_2000,177.2
20250909_2100,177.2
20250909_2200,177.2
20250909_2300,177.2
20250910_0000,177.2
20250910_0100,177.2
20250910_0200,177.2
20250910_0300,177.2
20250910_0400,177.2
20250910_0500,177.2
20250910_0600,177.2
20250910_0700,177.2
20250910_0800,177.2
20250910_0900,177.2
20250910_1000,177.2
20250910_1100,177.2
20250910_1200,177.2
20250910_1300,177.2
20250910_1400,177.2
20250910_1500,177.2
20250910_1600,177.2
20250910_1700,177.2
20250910_1800,177.2
20250910_1900,177.2
20250910_2000,177.2
20250910_2100,177.2
20250910_2200,177.2
20250910_2300,177.2
20250911_0000,177.2
20250911_0100,177.2
20250911_0200,177.2
20250911_0300,177.2
20250911_0400,177.2
20250911_0500,177.2
20250911_0600,177.2
20250911_0700,177.2
20250911_0800,177.2
20250911_0900,177.2
20250911_1000,177.2
20250911_1100,177.2
20250911_1200,177.2
20250911_1300,177.2
20250911_1400,177.2
20250911_1500,177.2
20250911_1600,177.2
20250911_1700,177.2
20250911_1800,177.2
20250911_1900,177.2
20250911_2000,177.2
20250911_2100,177.2
20250911_2200,177.2
20250911_2300,177.2
20250912_0000,177.2
20250912_0100,177.2
20250912_0200,177.2
20250912_0300,177.2
20250912_0400,177.2
20250912_0500,177.2
20250912_0600,177.2
20250912_0700,177.2
20250912_0800,177.2
20250912_0900,177.2
20250912_1000,177.2
20250912_1100,177.2
20250912_1200,177.2
20250912_1300,177.2
20250912_1400,177.2
20250912_1500,177.2
20250912_1600,177.2
20250912_1700,177.2
20250912_1800,177.2
20250912_1900,177.2
20250912_2000,177.2
20250912_2100,177.2
20250912_2200,177.2
20250912_2300,177.2
20250913_0000,177.2
20250913_0100,177.2
20250913_0200,177.2
20250913_0300,177.2
20250913_0400,177.2
20250913_0500,177.2
20250913_0600,177.2
20250913_0700,177.2
20250913_0800,177.2
20250913_0900,177.2
20250913_1000,177.2
20250913_1100,177.2
20250913_1200,177.2
20250913_1300,177.2
20250913_1400,177.2
20250913_1500,177.2
20250913_1600,177.2
20250913_1700,177.2
20250913_1800,177.2
20250913_1900,177.2
20250913_2000,177.2
20250913_2100,177.2
20250913_2200,177.2
20250913_2300,177.2
20250914_0000,177.2
20250914_0100,177.2
20250914_0200,177.2
20250914_0300,177.2
20250914_0400,177.2
20250914_0500,177.2
20250914_0600,177.2
20250914_0700,177.2
20250914_0800,177.2
20250914_0900,177.2
20250914_1000,177.2
20250914_1100,177.2
20250914_1200,177.2
20250914_1300,177.2
20250914_1400,177.2
20250914_1500,177.2
20250914_1600,177.2
20250914_1700,177.2
20250914_1800,177.2
20250914_1900,177.2
20250914_2000,177.2
20250914_2100,177.2
20250914_2200,177.2
20250914_2300,177.2
20250915_0000,177.2
20250915_0100,177.2
20250915_0200,177.2
20250915_0300,177.2
20250915_0400,177.2
20250915_0500,177.2
20250915_0600,177.2
20250915_0700,177.2
20250915_0800,177.2
20250915_0900,177.2
20250915_1000,177.2
20250915_1100,177.2
20250915_1200,177.2
20250915_1300,177.2
20250915_1400,177.2
20250915_1500,177.2
20250915_1600,177.2
20250915_1700,177.2
20250915_1800,177.2
20250915_1900,177.2
20250915_2000,177.2
20250915_2100,177.2
20250915_2200,177.2
20250915_2300,177.2
20250916_0000,177.2
20250916_0100,177.2
20250916_0200,177.2
20250916_0300,177.2
20250916_0400,177.2
20250916_0500,177.2
20250916_0600,177.2
20250916_0700,177.2
20250916_0800,177.2
20250916_0900,177.2
20250916_1000,177.2
20250916_1100,177.2
20250916_1200,177.2
20250916_1300,177.2
20250916_1400,177.2
20250916_1500,177.2
20250916_1600,177.2
20250916_1700,177.2
20250916_1800,177.2
20250916_1900,177.2
20250916_2000,177.2
20250916_2100,177.2
20250916_2200,177.2
20250916_2300,177.2
20250917_0000,177.2
20250917_0100,177.2
20250917_0200,177.2
20250917_0300,177.2
20250917_0400,177.2
20250917_0500,177.2
20250917_0600,177.2
20250917_0700,177.2
20250917_0800,177.2
20250917_0900,177.2
20250917_1000,177.2
20250917_1100,177.2
20250917_1200,177.2
20250917_1300,177.2
20250917_1400,177.2
20250917_1500,177.2
20250917_1600,177.2
20250917_1700,177.2
20250917_1800,177.2
20250917_1900,177.2
20250917_2000,177.2
20250917_2100,177.2
20250917_2200,177.2
20250917_2300,177.2
20250918_0000,177.2
20250918_0100,177.2
20250918_0200,177.2
20250918_0300,177.2
20250918_0400,177.2
20250918_0500,177.2
20250918_0600,177.2
20250918_0700,177.2
20250918_0800,177.2
20250918_0900,177.2
20250918_1000,177.2
20250918_1100,177.2
20250918_1200,177.2
20250918_1300,177.2
20250918_1400,177.2
20250918_1500,177.2
20250918_1600,177.2
20250918_1700,177.2
20250918_1800,177.2
20250918_1900,177.2
20250918_2000,177.2
20250918_2100,177.2
20250918_2200,177.2
20250918_2300,177.2
20250919_0000,177.2
20250919_0100,177.2
20250919_0200,177.2
20250919_0300,177.2
20250919_0400,177.2
20250919_0500,177.2
20250919_0600,177.2
20250919_0700,177.2
20250919_0800,177.2
20250919_0900,177.2
20250919_1000,177.2
20250919_1100,177.2
20250919_1200,177.2
20250919_1300,177.2
20250919_1400,177.2
20250919_1500,177.2
20250919_1600,177.2
20250919_1700,177.2
20250919_1800,177.2
20250919_1900,177.2
20250919_2000,177.2
20250919_2100,177.2
20250919_2200,177.2
20250919_2300,177.2
20250920_0000,177.2
20250920_0100,177.2
20250920_0200,177.2
20250920_0300,177.2
20250920_0400,177.2
20250920_0500,177.2
20250920_0600,177.2
20250920_0700,177.2
20250920_0800,177.2
20250920_0900,177.2
20250920_1000,177.2
20250920_1100,177.2
20250920_1200,177.2
20250920_1300,177.2
20250920_1400,177.2
20250920_1500,177.2
20250920_1600,177.2
20250920_1700,177.2
20250920_1800,177.2
20250920_1900,177.2
20250920_2000,177.2
20250920_2100,177.2
20250920_2200,177.2
20250920_2300,177.2
20250921_0000,177.2
20250921_0100,177.2
20250921_0200,177.2
20250921_0300,177.2
20250921_0400,177.2
20250921_0500,177.2
20250921_0600,177.2
20250921_0700,177.2
20250921_0800,177.2
20250921_0900,177.2
20250921_1000,177.2
20250921_1100,177.2
20250921_1200,177.2
20250921_1300,177.2
20250921_1400,177.2
20250921_1500,177.2
20250921_1600,177.2
20250921_1700,177.2
20250921_1800,177.2
20250921_1900,177.2
20250921_2000,177.2
20250921_2100,177.2
20250921_2200,177.2
20250921_2300,177.2
20250922_0000,177.2
20250922_0100,177.2
20250922_0200,177.2
20250922_0300,177.2
20250922_0400,177.2
20250922_0500,177.2
20250922_0600,177.2
20250922_0700,177.2
20250922_0800,177.2
20250922_0900,177.2
20250922_1000,177.2
20250922_1100,177.2
20250922_1200,177.2
20250922_1300,177.2
20250922_1400,177.2
20250922_1500,177.2
20250922_1600,177.2
20250922_1700,177.2
20250922_1800,177.2
20250922_1900,177.2
20250922_2000,177.2
20250922_2100,177.2
20250922_2200,177.2
20250922_2300,177.2
20250923_0000,177.2
20250923_0100,177.2
20250923_0200,177.2
20250923_0300,177.2
20250923_0400,177.2
20250923_0500,177.2
20250923_0600,177.2
20250923_0700,177.2
20250923_0800,177.2
20250923_0900,177.2
20250923_1000,177.2
20250923_1100,177.2
20250923_1200,177.2
20250923_1300,177.2
20250923_1400,177.2
20250923_1500,177.2
20250923_1600,177.2
20250923_1700,177.2
20250923_1800,177.2
20250923_1900,177.2
20250923_2000,177.2
20250923_2100,177.2
20250923_2200,177.2
20250923_2300,177.2
20250924_0000,177.2
20250924_0100,177.2
20250924_0200,177.2
20250924_0300,177.2
20250924_0400,177.2
20250924_0500,177.2
20250924_0600,177.2
20250924_0700,177.2
20250924_0800,177.2
20250924_0900,177.2
20250924_1000,177.2
20250924_1100,177.2
20250924_1200,177.2
20250924_1300,177.2
20250924_1400,177.2
20250924_1500,177.2
20250924_1600,177.2
20250924_1700,177.2
20250924_1800,177.2
20250924_1900,177.2
20250924_2000,177.2
20250924_2100,177.2
20250924_2200,177.2
20250924_2300,177.2
20250925_0000,177.2
20250925_0100,177.2
20250925_0200,177.2
20250925_0300,177.2
20250925_0400,177.2
20250925_0500,177.2
20250925_0600,177.2
20250925_0700,177.2
20250925_0800,177.2
20250925_0900,177.2
20250925_1000,177.2
20250925_1100,177.2
20250925_1200,177.2
20250925_1300,177.2
20250925_1400,177.2
20250925_1500,177.2
20250925_1600,177.2
20250925_1700,177.2
20250925_1800,177.2
20250925_1900,177.2
20250925_2000,177.2
20250925_2100,177.2
20250925_2200,177.2
20250925_2300,177.2
20250926_0000,177.2
20250926_0100,177.2
20250926_0200,177.2
20250926_0300,177.2
20250926_0400,177.2
20250926_0500,177.2
20250926_0600,177.2
20250926_0700,177.2
20250926_0800,177.2
20250926_0900,177.2
20250926_1000,177.2
20250926_1100,177.2
20250926_1200,177.2
20250926_1300,177.2
20250926_1400,177.2
20250926_1500,177.2
20250926_1600,177.2
20250926_1700,177.2
20250926_1800,177.2
20250926_1900,177.2
20250926_2000,177.2
20250926_2100,177.2
20250926_2200,177.2
20250926_2300,177.2
20250927_0000,177.2
20250927_0100,177.2
20250927_0200,177.2
20250927_0300,177.2
20250927_0400,177.2
20250927_0500,177.2
20250927_0600,177.2
20250927_0700,177.2
20250927_0800,177.2
20250927_0900,177.2
20250927_1000,177.2
20250927_1100,177.2
20250927_1200,177.2
20250927_1300,177.2
20250927_1400,177.2
20250927_1500,177.2
20250927_1600,177.2
20250927_1700,177.2
20250927_1800,177.2
20250927_1900,177.2
20250927_2000,177.2
20250927_2100,177.2
20250927_2200,177.2
20250927_2300,177.2
20250928_0000,177.2
20250928_0100,177.2
20250928_0200,177.2
20250928_0300,177.2
20250928_0400,177.2
20250928_0500,177.2
20250928_0600,177.2
20250928_0700,177.2
20250928_0800,177.2
20250928_0900,177.2
20250928_1000,177.2
20250928_1100,177.2
20250928_1200,177.2
20250928_1300,177.2
20250928_1400,177.2
20250928_1500,177.2
20250928_1600,177.2
20250928_1700,177.2
20250928_1800,177.2
20250928_1900,177.2
20250928_2000,177.2
20250928_2100,177.2
20250928_2200,177.2
20250928_2300,177.2
20250929_0000,177.2
20250929_0100,177.2
20250929_0200,177.2
20250929_0300,177.2
20250929_0400,177.2
20250929_0500,177.2
20250929_0600,177.2
20250929_0700,177.2
20250929_0800,177.2
20250929_0900,177.2
20250929_1000,177.2
20250929_1100,177.2
20250929_1200,177.2
20250929_1300,177.2
20250929_1400,177.2
20250929_1500,177.2
20250929_1600,177.2
20250929_1700,177.2
20250929_1800,177.2
20250929_1900,177.2
20250929_2000,177.2
20250929_2100,177.2
20250929_2200,177.2
20250929_2300,177.2
20250930_0000,177.2
20250930_0100,177.2
20250930_0200,177.2
20250930_0300,177.2
20250930_0400,177.2
20250930_0500,177.2
20250930_0600,177.2
20250930_0700,177.2
20250930_0800,177.2
20250930_0900,177.2
20250930_1000,177.2
20250930_1100,177.2
20250930_1200,177.2
20250930_1300,177.2
20250930_1400,177.2
20250930_1500,177.2
20250930_1600,177.2
20250930_1700,177.2
20250930_1800,177.2
20250930_1900,177.2
20250930_2000,177.2
20250930_2100,177.2
20250930_2200,177.2
20250930_2300,177.2
20251001_0000,177.2
20251001_0100,177.2
20251001_0200,177.2
20251001_0300,177.2
20251001_0400,177.2
20251001_0500,177.2
20251001_0600,177.2
20251001_0700,177.2
20251001_0800,177.2
20251001_0900,177.2
20251001_1000,177.2
20251001_1100,177.2
20251001_1200,177.2
20251001_1300,177.2
20251001_1400,177.2
20251001_1500,177.2
20251001_1600,177.2
20251001_1700,177.2
20251001_1800,177.2
20251001_1900,177.2
20251001_2000,177.2
20251001_2100,177.2
20251001_2200,177.2
20251001_2300,177.2
20251002_0000,177.2
20251002_0100,177.2
20251002_0200,177.2
20251002_0300,177.2
20251002_0400,177.2
20251002_0500,177.2
20251002_0600,177.2
20251002_0700,177.2
20251002_0800,177.2
20251002_0900,177.2
20251002_1000,177.2
20251002_1100,177.2
20251002_1200,177.2
20251002_1300,177.2
20251002_1400,177.2
20251002_1500,177.2
20251002_1600,177.2
20251002_1700,177.2
20251002_1800,177.2
20251002_1900,177.2
20251002_2000,177.2
20251002_2100,177.2
20251002_2200,177.2
20251002_2300,177.2
20251003_0000,177.2
20251003_0100,177.2
20251003_0200,177.2
20251003_0300,177.2
20251003_0400,177.2
20251003_0500,177.2
20251003_0600,177.2
20251003_0700,177.2
20251003_0800,177.2
20251003_0900,177.2
20251003_1000,177.2
20251003_1100,177.2
20251003_1200,177.2
20251003_1300,177.2
20251003_1400,177.2
20251003_1500,177.2
20251003_1600,177.2
20251003_1700,177.2
20251003_1800,177.2
20251003_1900,177.2
20251003_2000,177.2
20251003_2100,177.2
20251003_2200,177.2
20251003_2300,177.2
20251004_0000,177.2
20251004_0100,177.2
20251004_0200,177.2
20251004_0300,177.2
20251004_0400,177.2
20251004_0500,177.2
20251004_0600,177.2
20251004_0700,177.2
20251004_0800,177.2
20251004_0900,177.2
20251004_1000,177.2
20251004_1100,177.2
20251004_1200,177.2
20251004_1300,177.2
20251004_1400,177.2
20251004_1500,177.2
20251004_1600,177.2
20251004_1700,177.2
20251004_1800,177.2
20251004_1900,177.2
20251004_2000,177.2
20251004_2100,177.2
20251004_2200,177.2
20251004_2300,177.2
20251005_0000,177.2
20251005_0100,177.2
20251005_0200,177.2
20251005_0300,177.2
20251005_0400,177.2
20251005_0500,177.2
20251005_0600,177.2
20251005_0700,177.2
20251005_0800,177.2
20251005_0900,177.2
20251005_1000,177.2
20251005_1100,177.2
20251005_1200,177.2
20251005_1300,177.2
20251005_1400,177.2
20251005_1500,177.2
20251005_1600,177.2
20251005_1700,177.2
20251005_1800,177.2
20251005_1900,177.2
20251005_2000,177.2
20251005_2100,177.2
20251005_2200,177.2
20251005_2300,177.2
20251006_0000,177.2
20251006_0100,177.2
20251006_0200,177.2
20251006_0300,177.2
20251006_0400,177.2
20251006_0500,177.2
20251006_0600,177.2
20251006_0700,177.2
20251006_0800,177.2
20251006_0900,177.2
20251006_1000,177.2
20251006_1100,177.2
20251006_1200,177.2
20251006_1300,177.2
20251006_1400,177.2
20251006_1500,177.2
20251006_1600,177.2
20251006_1700,177.2
20251006_1800,177.2
20251006_1900,177.2
20251006_2000,177.2
20251006_2100,177.2
20251006_2200,177.2
20251006_2300,177.2
20251007_0000,177.2
20251007_0100,177.2
20251007_0200,177.2
20251007_0300,177.2
20251007_0400,177.2
20251007_0500,177.2
20251007_0600,177.2
20251007_0700,177.2
20251007_0800,177.2
20251007_0900,177.2
20251007_1000,177.2
20251007_1100,177.2
20251007_1200,177.2
20251007_1300,177.2
20251007_1400,177.2
20251007_1500,177.2
20251007_1600,177.2
20251007_1700,177.2
20251007_1800,177.2
20251007_1900,177.2
20251007_2000,177.2
20251007_2100,177.2
20251007_2200,177.2
20251007_2300,177.2
20251008_0000,177.2
20251008_0100,177.2
20251008_0200,177.2
20251008_0300,177.2
20251008_0400,177.2
20251008_0500,177.2
20251008_0600,177.2
20251008_0700,177.2
20251008_0800,177.2
20251008_0900,177.2
20251008_1000,177.2
20251008_1100,177.2
20251008_1200,177.2
20251008_1300,177.2
20251008_1400,177.2
20251008_1500,177.2
20251008_1600,177.2
20251008_1700,177.2
20251008_1800,177.2
20251008_1900,177.2
20251008_2000,177.2
20251008_2100,177.2
20251008_2200,177.2
20251008_2300,177.2
20251009_0000,177.2
20251009_0100,177.2
20251009_0200,177.2
20251009_0300,177.2
20251009_0400,177.2
20251009_0500,177.2
20251009_0600,177.2
20251009_0700,177.2
20251009_0800,177.2
20251009_0900,177.2
20251009_1000,177.2
20251009_1100,177.2
20251009_1200,177.2
20251009_1300,177.2
20251009_1400,177.2
20251009_1500,177.2
20251009_1600,177.2
20251009_1700,177.2
20251009_1800,177.2
20251009_1900,177.2
20251009_2000,177.2
20251009_2100,177.2
20251009_2200,177.2
20251009_2300,177.2
20251010_0000,177.2
20251010_0100,177.2
20251010_0200,177.2
20251010_0300,177.2
20251010_0400,177.2
20251010_0500,177.2
20251010_0600,177.2
20251010_0700,177.2
20251010_0800,177.2
20251010_0900,177.2
20251010_1000,0
20251010_1100,177.2
20251010_1200,177.2
20251010_1300,177.2
20251010_1400,177.2
20251010_1500,177.2
20251010_1600,177.2
20251010_1700,177.2
20251010_1800,177.2
20251010_1900,177.2
20251010_2000,177.2
20251010_2100,177.2
20251010_2200,177.2
20251010_2300,177.2
20251011_0000,177.2
20251011_0100,177.2
20251011_0200,177.2
20251011_0300,177.2
20251011_0400,177.2
20251011_0500,177.2
20251011_0600,177.2
20251011_0700,177.2
20251011_0800,177.2
20251011_0900,177.2
20251011_1000,177.2
20251011_1100,177.2
20251011_1200,177.2
20251011_1300,177.2
20251011_1400,177.2
20251011_1500,177.2
20251011_1600,177.2
20251011_1700,177.2
20251011_1800,177.2
20251011_1900,177.2
20251011_2000,177.2
20251011_2100,177.2
20251011_2200,177.2
20251011_2300,177.2
20251012_0000,177.2
20251012_0100,177.2
20251012_0200,177.2
20251012_0300,177.2
20251012_0400,177.2
20251012_0500,177.2
20251012_0600,177.2
20251012_0700,177.2
20251012_0800,177.2
20251012_0900,177.2
20251012_1000,177.2
20251012_1100,177.2
20251012_1200,177.2
20251012_1300,177.2
20251012_1400,177.2
20251012_1500,177.2
20251012_1600,177.2
20251012_1700,177.2
20251012_1800,177.2
20251012_1900,177.2
20251012_2000,177.2
20251012_2100,177.2
20251012_2200,177.2
20251012_2300,177.2
20251013_0000,177.2
20251013_0100,177.2
20251013_0200,177.2
20251013_0300,177.2
20251013_0400,177.2
20251013_0500,177.2
20251013_0600,177.2
20251013_0700,177.2
20251013_0800,177.2
20251013_0900,177.2
20251013_1000,177.2
20251013_1100,177.2
20251013_1200,177.2
20251013_1300,177.2
20251013_1400,177.2
20251013_1500,177.2
20251013_1600,177.2
20251013_1700,177.2
20251013_1800,177.2
20251013_1900,177.2
20251013_2000,177.2
20251013_2100,177.2
20251013_2200,177.2
20251013_2300,177.2
20251014_0000,177.2
20251014_0100,177.2
20251014_0200,177.2
20251014_0300,177.2
20251014_0400,177.2
20251014_0500,177.2
20251014_0600,177.2
20251014_0700,177.2
20251014_0800,177.2
20251014_0900,177.2
20251014_1000,177.2
20251014_1100,177.2
20251014_1200,177.2
20251014_1300,177.2
20251014_1400,177.2
20251014_1500,177.2
20251014_1600,177.2
20251014_1700,177.2
20251014_1800,177.2
20251014_1900,177.2
20251014_2000,177.2
20251014_2100,177.2
20251014_2200,177.2
20251014_2300,177.2
20251015_0000,177.2
20251015_0100,177.2
20251015_0200,177.2
20251015_0300,177.2
20251015_0400,177.2
20251015_0500,177.2
20251015_0600,177.2
20251015_0700,177.2
20251015_0800,177.2
20251015_0900,177.2
20251015_1000,177.2
20251015_1100,177.2
20251015_1200,177.2
20251015_1300,177.2
20251015_1400,177.2
20251015_1500,177.2
20251015_1600,177.2
20251015_1700,177.2
20251015_1800,177.2
20251015_1900,177.2
20251015_2000,177.2
20251015_2100,177.2
20251015_2200,177.2
20251015_2300,177.2
20251016_0000,177.2
20251016_0100,177.2
20251016_0200,177.2
20251016_0300,177.2
20251016_0400,177.2
20251016_0500,177.2
20251016_0600,177.2
20251016_0700,177.2
20251016_0800,177.2
20251016_0900,177.2
20251016_1000,177.2
20251016_1100,177.2
20251016_1200,177.2
20251016_1300,177.2
20251016_1400,177.2
20251016_1500,177.2
20251016_1600,177.2
20251016_1700,177.2
20251016_1800,177.2
20251016_1900,177.2
20251016_2000,177.2
20251016_2100,177.2
20251016_2200,177.2
20251016_2300,177.2
20251017_0000,177.2
20251017_0100,177.2
20251017_0200,177.2
20251017_0300,177.2
20251017_0400,177.2
20251017_0500,177.2
20251017_0600,177.2
20251017_0700,177.2
20251017_0800,177.2
20251017_0900,177.2
20251017_1000,177.2
20251017_1100,177.2
20251017_1200,177.2
20251017_1300,177.2
20251017_1400,177.2
20251017_1500,177.2
20251017_1600,177.2
20251017_1700,177.2
20251017_1800,177.2
20251017_1900,177.2
20251017_2000,177.2
20251017_2100,177.2
20251017_2200,177.2
20251017_2300,177.2
20251018_0000,177.2
20251018_0100,177.2
20251018_0200,177.2
20251018_0300,177.2
20251018_0400,177.2
20251018_0500,177.2
20251018_0600,177.2
20251018_0700,177.2
20251018_0800,177.2
20251018_0900,177.2
20251018_1000,177.2
20251018_1100,177.2
20251018_1200,177.2
20251018_1300,177.2
20251018_1400,177.2
20251018_1500,177.2
20251018_1600,177.2
20251018_1700,177.2
20251018_1800,177.2
20251018_1900,177.2
20251018_2000,177.2
20251018_2100,177.2
20251018_2200,177.2
20251018_2300,177.2
20251019_0000,177.2
20251019_0100,177.2
20251019_0200,177.2
20251019_0300,177.2
20251019_0400,177.2
20251019_0500,177.2
20251019_0600,177.2
20251019_0700,177.2
20251019_0800,177.2
20251019_0900,177.2
20251019_1000,177.2
20251019_1100,177.2
20251019_1200,177.2
20251019_1300,177.2
20251019_1400,177.2
20251019_1500,177.2
20251019_1600,177.2
20251019_1700,177.2
20251019_1800,177.2
20251019_1900,177.2
20251019_2000,177.2
20251019_2100,177.2
20251019_2200,177.2
20251019_2300,177.2
20251020_0000,177.2
20251020_0100,177.2
20251020_0200,177.2
20251020_0300,177.2
20251020_0400,177.2
20251020_0500,177.2
20251020_0600,177.2
20251020_0700,177.2
20251020_0800,177.2
20251020_0900,177.2
20251020_1000,177.2
20251020_1100,177.2
20251020_1200,177.2
20251020_1300,177.2
20251020_1400,177.2
20251020_1500,177.2
20251020_1600,0
20251020_1700,177.2
20251020_1800,186.8
20251020_1900,177.2
20251020_2000,177.2
20251020_2100,177.2
20251020_2200,177.2
20251020_2300,177.2
20251021_0000,177.2
20251021_0100,177.2
20251021_0200,177.2
20251021_0300,177.2
20251021_0400,177.2
20251021_0500,177.2
20251021_0600,177.2
20251021_0700,177.2
20251021_0800,177.2
20251021_0900,177.2
20251021_1000,177.2
20251021_1100,177.2
20251021_1200,177.2
20251021_1300,177.2
20251021_1400,177.2
20251021_1500,0
20251021_1600,0
20251021_1700,176.4
20251021_1800,178.2
20251021_1900,178
20251021_2000,0
20251021_2100,178.2
20251021_2200,178.3
20251021_2300,178.4
20251022_0000,178.3
20251022_0100,178.6
20251022_0200,178.6
20251022_0300,178.1
20251022_0400,0
20251022_0500,0
20251022_0600,0
20251022_0700,0
20251022_0800,178.3
20251022_0900,179.5
20251022_1000,179.7
20251022_1100,178
20251022_1200,179.7
20251022_1300,180.2
20251022_1400,178.1
20251022_1500,178.2
20251022_1600,178
20251022_1700,178.2
20251022_1800,178
20251022_1900,177.8
20251022_2000,179.7
20251022_2100,178.2
20251022_2200,177.8
20251022_2300,178.2
20251023_0000,179.6
20251023_0100,178.1
20251023_0200,178.1
20251023_0300,180
20251023_0400,178
20251023_0500,177.9
20251023_0600,179.8
20251023_0700,178.1
20251023_0800,178.2
20251023_0900,178
20251023_1000,178.2
20251023_1100,178.1
20251023_1200,178.6
20251023_1300,177.8
20251023_1400,177.2
20251023_1500,178.9
20251023_1600,179.4
20251023_1700,179.6
20251023_1800,179.1
20251023_1900,178.9
20251023_2000,179.3
20251023_2100,177.7
20251023_2200,179.2
20251023_2300,179.3
20251024_0000,179.4
20251024_0100,179.8
20251024_0200,179
20251024_0300,177.8
20251024_0400,179.1
20251024_0500,179.1
20251024_0600,179.6
20251024_0700,177.5
20251024_0800,179.2
20251024_0900,178.1
20251024_1000,179.1
20251024_1100,179.4
20251024_1200,179.6
20251024_1300,177.5
20251024_1400,178.4
20251024_1500,179.5
20251024_1600,178.3
20251024_1700,177.5
20251024_1800,178.3
20251024_1900,177.4
20251024_2000,179.1
20251024_2100,179
20251024_2200,179.7
20251024_2300,179.2
20251025_0000,178.3
20251025_0100,179.2
20251025_0200,179.2
20251025_0300,179.2
20251025_0400,179.5
20251025_0500,177.3
20251025_0600,179.3
20251025_0700,179.4
20251025_0800,179.4
20251025_0900,179.5
20251025_1000,177.3
20251025_1100,177.6
20251025_1200,177.3
20251025_1300,178.2
20251025_1400,179.2
20251025_1500,179.4
20251025_1600,178.9
20251025_1700,178.3
20251025_1800,179.9
20251025_1900,179.6
20251025_2000,177.3
20251025_2100,179.4
20251025_2200,177.8
20251025_2300,177.4
20251026_0000,178.9
20251026_0100,178.6
20251026_0200,179
20251026_0300,179.4
20251026_0400,179.1
20251026_0500,177.3
20251026_0600,177.2
20251026_0700,178.1
20251026_0800,179.8
20251026_0900,178.7
20251026_1000,179.3
20251026_1100,179.1
20251026_1200,179.3
20251026_1300,177.4
20251026_1400,179.3
20251026_1500,178.9
20251026_1600,179
20251026_1700,177.7
20251026_1800,179.2
20251026_1900,179.1
20251026_2000,0
20251026_2100,177.2
20251026_2200,178.2
20251026_2300,179.1
20251027_0000,179.2
20251027_0100,179
20251027_0200,178.9
20251027_0300,177.5
20251027_0400,178.9
20251027_0500,177.2
20251027_0600,179
20251027_0700,179.3
20251027_0800,177.4
20251027_0900,179.2
20251027_1000,178.9
20251027_1100,178.4
20251027_1200,178.9
20251027_1300,179.1
20251027_1400,179.4
20251027_1500,179.5
20251027_1600,179.3
20251027_1700,179.5
20251027_1800,178.9
20251027_1900,178.3
20251027_2000,179.1
20251027_2100,179
20251027_2200,179.1
20251027_2300,179.4
20251028_0000,177.4
20251028_0100,177.4
20251028_0200,177.4
20251028_0300,179.7
20251028_0400,179.1
20251028_0500,179.3
20251028_0600,179.1
20251028_0700,178.9
20251028_0800,177.4
20251028_0900,179.1
20251028_1000,179.2
20251028_1100,179.7
20251028_1200,178.3
20251028_1300,178.7
20251028_1400,178.5
20251028_1500,178.6
20251028_1600,178.3
20251028_1700,179
20251028_1800,178.7
20251028_1900,178.8
20251028_2000,178.3
20251028_2100,178.9
20251028_2200,179
20251028_2300,178.9
20251029_0000,178.3
20251029_0100,178.4
20251029_0200,178.4
20251029_0300,178.1
20251029_0400,178.3
20251029_0500,178.5
20251029_0600,178.4
20251029_0700,178.2
20251029_0800,0
20251029_0900,178.6
20251029_1000,178.4
20251029_1100,0
20251029_1200,178.6
20251029_1300,0
20251029_1400,178.3
20251029_1500,178.2
20251029_1600,178.4
20251029_1700,0
20251029_1800,0
20251029_1900,178.3
20251029_2000,0
20251029_2100,178.3
20251029_2200,178.6
20251029_2300,178.5
20251030_0000,178.3
20251030_0100,178
20251030_0200,178.2
20251030_0300,178.3
20251030_0400,178.2
20251030_0500,178.2
20251030_0600,178.5
20251030_0700,178.7
20251030_0800,178.4
20251030_0900,178.7
20251030_1000,178.5
20251030_1100,178.7
20251030_1200,178.8
20251030_1300,178.5
20251030_1400,178.7
20251030_1500,178.9
20251030_1600,178.5
20251030_1700,178.7
20251030_1800,178.4
20251030_1900,178.9
20251030_2000,178.6
20251030_2100,178.7
20251030_2200,178.4
20251030_2300,178.7
20251031_0000,178.4
20251031_0100,178.4
20251031_0200,178.5
20251031_0300,178.5
20251031_0400,0
20251031_0500,0
20251031_0600,178.4
20251031_0700,178.3
20251031_0800,0
20251031_0900,178.5
20251031_1000,178.5
20251031_1100,178.3
20251031_1200,178.3
20251031_1300,178.1
20251031_1400,178.4
20251031_1500,178.4
20251031_1600,179
20251031_1700,178.3
20251031_1800,178.1
20251031_1900,178
20251031_2000,178.1
20251031_2100,178.3
20251031_2200,179
20251031_2300,178.2
20251101_0000,179.9
20251101_0100,178.2
20251101_0200,178.3
20251101_0300,180.1
20251101_0400,178.1
20251101_0500,179.1
20251101_0600,178.1
20251101_0700,179.7
20251101_0800,178.1
20251101_0900,179.1
20251101_1000,179.1
20251101_1100,178.2
20251101_1200,178.7
20251101_1300,179.7
20251101_1400,178.2
20251101_1500,180.1
20251101_1600,178.2
20251101_1700,178.6
20251101_1800,179.8
20251101_1900,178.9
20251101_2000,178.3
20251101_2100,179.2
20251101_2200,178.4
20251101_2300,178.3
20251102_0000,178.6
20251102_0100,178.4
20251102_0200,0
20251102_0300,178.1
20251102_0400,178.9
20251102_0500,0
20251102_0600,178.3
20251102_0700,178.3
20251102_0800,0
20251102_0900,178.2
20251102_1000,179.5
20251102_1100,179.6
20251102_1200,177.7
20251102_1300,178.5
20251102_1400,178.4
20251102_1500,179
20251102_1600,178.4
20251102_1700,178.7
20251102_1800,178.8
20251102_1900,179
20251102_2000,0
20251102_2100,178.3
20251102_2200,0
20251102_2300,178.2
20251103_0000,178.6
20251103_0100,178.4
20251103_0200,178.4
20251103_0300,178.2
20251103_0400,178.2
20251103_0500,178.2
20251103_0600,178
20251103_0700,178.4
20251103_0800,178.7
20251103_0900,178.1
20251103_1000,178.4
20251103_1100,178.4
20251103_1200,178.3
20251103_1300,178
20251103_1400,179.3
20251103_1500,178.4
20251103_1600,179.1
20251103_1700,178.3
20251103_1800,0
20251103_1900,178.2
20251103_2000,178.6
20251103_2100,178.9
20251103_2200,178.8
20251103_2300,178.4
20251104_0000,0
20251104_0100,178.8
20251104_0200,178.7
20251104_0300,178.6
20251104_0400,178.4
20251104_0500,178.7
20251104_0600,178.9
20251104_0700,0
20251104_0800,0
20251104_0900,0
20251104_1000,178.7
20251104_1100,178.6
20251104_1200,178.5
20251104_1300,178.8
20251104_1400,178.7
20251104_1500,178.5
20251104_1600,0
20251104_1700,0
20251104_1800,0
20251104_1900,0
20251104_2000,0
20251104_2100,0
20251104_2200,178.3
20251104_2300,178.5
20251105_0000,178.3
20251105_0100,178.5
20251105_0200,178.8
20251105_0300,178.5
20251105_0400,178.5
20251105_0500,178.7
20251105_0600,178.4
20251105_0700,179.2
20251105_0800,0
20251105_0900,178.5
20251105_1000,178.8
20251105_1100,178.5
20251105_1200,178.4
20251105_1300,178.6
20251105_1400,178.7
20251105_1500,179.1
20251105_1600,178.4
20251105_1700,178.4
20251105_1800,178.4
20251105_1900,178.6
20251105_2000,178.6
20251105_2100,178.4
20251105_2200,178.5
20251105_2300,178.6
20251106_0000,178.7
20251106_0100,178.5
20251106_0200,0
20251106_0300,0
20251106_0400,0
20251106_0500,0
20251106_0600,0
20251106_0700,0
20251106_0800,0
20251106_0900,178.2
20251106_1000,178.9
20251106_1100,178.7
20251106_1200,178.4
20251106_1300,178.4
20251106_1400,178.5
20251106_1500,178.1
20251106_1600,178.8
20251106_1700,178.5
20251106_1800,178.5
20251106_1900,0
20251106_2000,0
20251106_2100,0
20251106_2200,0
20251106_2300,0
20251107_0000,0
20251107_0100,0
20251107_0200,0
20251107_0300,0
20251107_0400,0
20251107_0500,0
20251107_0600,0
20251107_0700,0
20251107_0800,0
20251107_0900,0
20251107_1000,0
20251107_1100,0
20251107_1200,0
20251107_1300,0
20251107_1400,0
20251107_1500,0
20251107_1600,0
20251107_1700,0
20251107_1800,0
20251107_1900,0
20251107_2000,0
20251107_2100,0
20251107_2200,0
20251107_2300,0
20251108_0000,0
20251108_0100,0
20251108_0200,0
20251108_0300,0
20251108_0400,0
20251108_0500,0
20251108_0600,0
20251108_0700,0
20251108_0800,0
20251108_0900,0
20251108_1000,0
20251108_1100,0
20251108_1200,0
20251108_1300,0
20251108_1400,0
20251108_1500,0
20251108_1600,0
20251108_1700,0
20251108_1800,0
20251108_1900,0
20251108_2000,0
20251108_2100,0
20251108_2200,0
20251108_2300,0
20251109_0000,0
20251109_0100,0
20251109_0200,178.7
20251109_0300,178.6
20251109_0400,178.8
20251109_0500,178.6
20251109_0600,178.6
20251109_0700,178.4
20251109_0800,178.7
20251109_0900,178.3
20251109_1000,178.7
20251109_1100,178.2
20251109_1200,178.8
20251109_1300,178.3
20251109_1400,178.5
20251109_1500,178.5
20251109_1600,178.2
20251109_1700,178.2
20251109_1800,178.7
20251109_1900,178.5
20251109_2000,178.2
20251109_2100,178.2
20251109_2200,179
20251109_2300,178.5
20251110_0000,178.4
20251110_0100,178.2
20251110_0200,178.7
20251110_0300,178.3
20251110_0400,178.7
20251110_0500,178.3
20251110_0600,178.9
20251110_0700,178.8
20251110_0800,178.5
20251110_0900,180
20251110_1000,180.2
20251110_1100,180
20251110_1200,179.9
20251110_1300,178.2
20251110_1400,178.9
20251110_1500,178.9
20251110_1600,179.7
20251110_1700,178.6
20251110_1800,179
20251110_1900,178.4
20251110_2000,178.3
20251110_2100,179
20251110_2200,0
20251110_2300,178.3
20251111_0000,178.2
20251111_0100,178.1
20251111_0200,178.7
20251111_0300,178.6
20251111_0400,178.6
20251111_0500,178.4
20251111_0600,178.8
20251111_0700,178.5
20251111_0800,178.4
20251111_0900,178.2
20251111_1000,178.6
20251111_1100,178.3
20251111_1200,178.5
20251111_1300,178.9
20251111_1400,178.2
20251111_1500,178.6
20251111_1600,178.9
20251111_1700,178.6
20251111_1800,178.8
20251111_1900,179
20251111_2000,178.8
20251111_2100,178.6
20251111_2200,0
20251111_2300,178.3
20251112_0000,178.6
20251112_0100,178.3
20251112_0200,178.3
20251112_0300,178.6
20251112_0400,178.7
20251112_0500,178.2
20251112_0600,178.8
20251112_0700,178.2
20251112_0800,0
20251112_0900,178.4
20251112_1000,178.5
20251112_1100,178.7
20251112_1200,178.4
20251112_1300,178.4
20251112_1400,178.5
20251112_1500,178.5
20251112_1600,178.5
20251112_1700,178.7
20251112_1800,178.8
20251112_1900,178.3
20251112_2000,178.6
20251112_2100,178.4
20251112_2200,178.2
20251112_2300,178.3
20251113_0000,178.3
20251113_0100,0
20251113_0200,178.7
20251113_0300,179
20251113_0400,178.6
20251113_0500,178.3
20251113_0600,178.7
20251113_0700,179
20251113_0800,178.4
20251113_0900,177.9
20251113_1000,178.2
20251113_1100,178.4
20251113_1200,0
20251113_1300,178.4
20251113_1400,178.4
20251113_1500,178.2
20251113_1600,178.3
20251113_1700,178.3
20251113_1800,177.9
20251113_1900,177.8
20251113_2000,179.5
20251113_2100,178.3
20251113_2200,179.6
20251113_2300,179.6
20251114_0000,179
20251114_0100,179.2
20251114_0200,178.3
20251114_0300,178.3
20251114_0400,178.5
20251114_0500,178.7
20251114_0600,178.4
20251114_0700,178.4
20251114_0800,178.3
20251114_0900,178.3
20251114_1000,178.9
20251114_1100,178.7
20251114_1200,178.5
20251114_1300,178.3
20251114_1400,178.3
20251114_1500,0
20251114_1600,0
20251114_1700,178.6
20251114_1800,0
20251114_1900,0
20251114_2000,0
20251114_2100,178.2
20251114_2200,0
20251114_2300,0
20251115_0000,0
20251115_0100,0
20251115_0200,0
20251115_0300,0
20251115_0400,0
20251115_0500,0
20251115_0600,0
20251115_0700,0
20251115_0800,0
20251115_0900,0
20251115_1000,0
20251115_1100,0
20251115_1200,0
20251115_1300,0
20251115_1400,0
20251115_1500,0
20251115_1600,0
20251115_1700,0
20251115_1800,0
20251115_1900,178.2
20251115_2000,0
20251115_2100,0
20251115_2200,0
20251115_2300,0
20251116_0000,0
20251116_0100,0
20251116_0200,0
20251116_0300,0
20251116_0400,0
20251116_0500,0
20251116_0600,0
20251116_0700,0
20251116_0800,0
20251116_0900,0
20251116_1000,0
20251116_1100,0
20251116_1200,0
20251116_1300,0
20251116_1400,0
20251116_1500,0
20251116_1600,0
20251116_1700,0
20251116_1800,0
20251116_1900,0
20251116_2000,0
20251116_2100,0
20251116_2200,178.9
20251116_2300,178.2
20251117_0000,178.5
20251117_0100,178.2
20251117_0200,178.5
20251117_0300,178.8
20251117_0400,178.6
20251117_0500,178.7
20251117_0600,178.1
20251117_0700,178.3
20251117_0800,178.1
20251117_0900,177.9
20251117_1000,178.4
20251117_1100,178.2
20251117_1200,0
20251117_1300,178.1
20251117_1400,178.1
20251117_1500,178.7
20251117_1600,178.5
20251117_1700,178.3
20251117_1800,178.7
20251117_1900,0
20251117_2000,178.5
20251117_2100,0
20251117_2200,0
20251117_2300,0
20251118_0000,0
20251118_0100,0
20251118_0200,0
20251118_0300,0
20251118_0400,0
20251118_0500,0
20251118_0600,0
20251118_0700,0
20251118_0800,0
20251118_0900,0
20251118_1000,0
20251118_1100,0
20251118_1200,0
20251118_1300,0
20251118_1400,0
20251118_1500,0
20251118_1600,0
20251118_1700,0
20251118_1800,178.6
20251118_1900,178.5
20251118_2000,178.6
20251118_2100,178.4
20251118_2200,178.5
20251118_2300,178.3
20251119_0000,178.7
20251119_0100,179
20251119_0200,178.7
20251119_0300,178.4
20251119_0400,178.3
20251119_0500,178.6
20251119_0600,178.1
20251119_0700,178.7
20251119_0800,178.3
20251119_0900,0
20251119_1000,0
20251119_1100,178.7
20251119_1200,178.7
20251119_1300,178.3
20251119_1400,178.3
20251119_1500,178.7
20251119_1600,0
20251119_1700,0
20251119_1800,0
20251119_1900,178.5
20251119_2000,0
20251119_2100,0
20251119_2200,178.9
20251119_2300,178.1
20251120_0000,0
20251120_0100,0
20251120_0200,0
20251120_0300,0
20251120_0400,0
20251120_0500,0
20251120_0600,0
20251120_0700,0
20251120_0800,0
20251120_0900,0
20251120_1000,0
20251120_1100,0
20251120_1200,0
20251120_1300,0
20251120_1400,0
20251120_1500,0
20251120_1600,0
20251120_1700,0
20251120_1800,0
20251120_1900,0
20251120_2000,0
20251120_2100,0
20251120_2200,0
20251120_2300,0
20251121_0000,178.6
20251121_0100,178.5
20251121_0200,0
20251121_0300,178.1
20251121_0400,179.2
20251121_0500,178.6
20251121_0600,178.9
20251121_0700,178
20251121_0800,177.9
20251121_0900,179
20251121_1000,178.4
20251121_1100,179.2
20251121_1200,178.6
20251121_1300,178.1
20251121_1400,179.1
20251121_1500,178.2
20251121_1600,177.9
20251121_1700,178.2
20251121_1800,178.1
20251121_1900,178.6
20251121_2000,178.6
20251121_2100,0
20251121_2200,0
20251121_2300,178.3
20251122_0000,178.5
20251122_0100,178.5
20251122_0200,0
20251122_0300,0
20251122_0400,178.4
20251122_0500,178.1
20251122_0600,178.1
20251122_0700,178.6
20251122_0800,178.6
20251122_0900,178.2
20251122_1000,178.7
20251122_1100,178.6
20251122_1200,178.2
20251122_1300,0
20251122_1400,0
20251122_1500,0
20251122_1600,178.3
20251122_1700,178.1
20251122_1800,178.6
20251122_1900,178.4
20251122_2000,178.7
20251122_2100,178.6
20251122_2200,178.6
20251122_2300,178.8
20251123_0000,178.4
20251123_0100,178.6
20251123_0200,178.1
20251123_0300,179
20251123_0400,178.4
20251123_0500,178.6
20251123_0600,178.5
20251123_0700,178.6
20251123_0800,179
20251123_0900,178.3
20251123_1000,178.3
20251123_1100,179.1
20251123_1200,178.5
20251123_1300,178.4
20251123_1400,178.5
20251123_1500,178.5
20251123_1600,178.7
20251123_1700,179.2
20251123_1800,178.5
20251123_1900,178.3
20251123_2000,178.5
20251123_2100,178.5
20251123_2200,178.5
20251123_2300,178.7
20251124_0000,178.5
20251124_0100,0
20251124_0200,178.8
20251124_0300,178.7
20251124_0400,178.6
20251124_0500,178.4
20251124_0600,178.6
20251124_0700,178.6
20251124_0800,178.6
20251124_0900,0
20251124_1000,0
20251124_1100,178.5
20251124_1200,0
20251124_1300,178.1
20251124_1400,178.3
20251124_1500,0
20251124_1600,178.4
20251124_1700,178.8
20251124_1800,178.7
20251124_1900,178.4
20251124_2000,178.7
20251124_2100,179
20251124_2200,178.9
20251124_2300,178.3
20251125_0000,0
20251125_0100,0
20251125_0200,0
20251125_0300,0
20251125_0400,0
20251125_0500,0
20251125_0600,0
20251125_0700,0
20251125_0800,0
20251125_0900,0
20251125_1000,0
20251125_1100,0
20251125_1200,0
20251125_1300,0
20251125_1400,0
20251125_1500,0
20251125_1600,0
20251125_1700,0
20251125_1800,0
20251125_1900,0
20251125_2000,0
20251125_2100,0
20251125_2200,0
20251125_2300,0
20251126_0000,0
20251126_0100,0
20251126_0200,0
20251126_0300,0
20251126_0400,0
20251126_0500,0
20251126_0600,0
20251126_0700,0
20251126_0800,0
20251126_0900,0
20251126_1000,0
20251126_1100,0
20251126_1200,0
20251126_1300,0
20251126_1400,0
20251126_1500,0
20251126_1600,0
20251126_1700,0
20251126_1800,0
20251126_1900,0
20251126_2000,0
20251126_2100,0
20251126_2200,0
20251126_2300,0
20251127_0000,0
20251127_0100,0
20251127_0200,0
20251127_0300,0
20251127_0400,0
20251127_0500,0
20251127_0600,0
20251127_0700,178.4
20251127_0800,0
20251127_0900,178
20251127_1000,0
20251127_1100,0
20251127_1200,0
20251127_1300,0
20251127_1400,0
20251127_1500,0
20251127_1600,0
20251127_1700,0
20251127_1800,0
20251127_1900,0
20251127_2000,178.2
20251127_2100,178.6
20251127_2200,0
20251127_2300,0
20251128_0000,178.1
20251128_0100,0
20251128_0200,0
20251128_0300,0
20251128_0400,0
20251128_0500,178.1
20251128_0600,178.4
20251128_0700,177.6
20251128_0800,178.1
20251128_0900,178.1
20251128_1000,178.2
20251128_1100,0
20251128_1200,178.2
20251128_1300,178.6
20251128_1400,0
20251128_1500,0
20251128_1600,178.1
20251128_1700,0
20251128_1800,0
20251128_1900,178
20251128_2000,0
20251128_2100,177
20251128_2200,177.2
20251128_2300,178.5
20251129_0000,177.3
20251129_0100,178.2
20251129_0200,0
20251129_0300,0
20251129_0400,178.2
20251129_0500,178.3
20251129_0600,178.3
20251129_0700,178
20251129_0800,177.3
20251129_0900,177.2
20251129_1000,178.6
20251129_1100,177.9
20251129_1200,178.5
20251129_1300,178.1
20251129_1400,0
20251129_1500,177.2
20251129_1600,0
20251129_1700,178
20251129_1800,0
20251129_1900,177.3
20251129_2000,178.4
20251129_2100,177.2
20251129_2200,0
20251129_2300,178.2
20251130_0000,177.2
20251130_0100,178.1
20251130_0200,178.4
20251130_0300,0
20251130_0400,0
20251130_0500,178
20251130_0600,0
20251130_0700,0
20251130_0800,177.7
20251130_0900,0
20251130_1000,178.5
20251130_1100,178.3
20251130_1200,0
20251130_1300,0
20251130_1400,0
20251130_1500,177.9
20251130_1600,0
20251130_1700,0
20251130_1800,0
20251130_1900,0
20251130_2000,0
20251130_2100,0
20251130_2200,0
20251130_2300,0
20251201_0000,0
20251201_0100,0
20251201_0200,177.7
20251201_0300,0
20251201_0400,0
20251201_0500,0
20251201_0600,0
20251201_0700,0
20251201_0800,0
20251201_0900,0
20251201_1000,0
20251201_1100,0
20251201_1200,0
20251201_1300,0
20251201_1400,0
20251201_1500,0
20251201_1600,0
20251201_1700,0
20251201_1800,0
20251201_1900,0
20251201_2000,0
20251201_2100,0
20251201_2200,0
20251201_2300,0
20251202_0000,0
20251202_0100,0
20251202_0200,0
20251202_0300,0
20251202_0400,0
20251202_0500,0
20251202_0600,0
20251202_0700,0
20251202_0800,0
20251202_0900,0
20251202_1000,0
20251202_1100,178.3
20251202_1200,178.5
20251202_1300,0
20251202_1400,0
20251202_1500,177.5
20251202_1600,0
20251202_1700,0
20251202_1800,0
20251202_1900,0
20251202_2000,177.2
20251202_2100,0
20251202_2200,0
20251202_2300,178.2
20251203_0000,177.2
20251203_0100,177.3
20251203_0200,0
20251203_0300,0
20251203_0400,0
20251203_0500,178.3
20251203_0600,178.4
20251203_0700,178.2
20251203_0800,178
20251203_0900,178.8
20251203_1000,0
20251203_1100,0
20251203_1200,176.5
20251203_1300,176.5
20251203_1400,176.5
20251203_1500,176.4
20251203_1600,176.9
20251203_1700,178.4
20251203_1800,0
20251203_1900,178.5
20251203_2000,178.6
20251203_2100,178.6
20251203_2200,178.7
20251203_2300,178.6
20251204_0000,0
20251204_0100,0
20251204_0200,0
20251204_0300,0
20251204_0400,178.2
20251204_0500,178.6
20251204_0600,178.4
20251204_0700,178.4
20251204_0800,0
20251204_0900,0
20251204_1000,0
20251204_1100,0
20251204_1200,0
20251204_1300,0
20251204_1400,0
20251204_1500,0
20251204_1600,0
20251204_1700,0
20251204_1800,0
20251204_1900,0
20251204_2000,0
20251204_2100,0
20251204_2200,177.2
20251204_2300,177.1
20251205_0000,178.1
20251205_0100,178.5
20251205_0200,177
20251205_0300,0
20251205_0400,177.4
20251205_0500,178.6
20251205_0600,0
20251205_0700,177.2
20251205_0800,0
20251205_0900,177.5
20251205_1000,177.1
20251205_1100,0
20251205_1200,0
20251205_1300,178.5
20251205_1400,177.1
20251205_1500,178.8
20251205_1600,0
20251205_1700,178.6
20251205_1800,177.2
20251205_1900,177.2
20251205_2000,177
20251205_2100,178.3
20251205_2200,0
20251205_2300,177.3
20251206_0000,177.2
20251206_0100,0
20251206_0200,177.2
20251206_0300,177.5
20251206_0400,177.2
20251206_0500,0
20251206_0600,0
20251206_0700,0
20251206_0800,0
20251206_0900,0
20251206_1000,178.1
20251206_1100,0
20251206_1200,177
20251206_1300,177
20251206_1400,177.4
20251206_1500,178.2
20251206_1600,0
20251206_1700,0
20251206_1800,0
20251206_1900,0
20251206_2000,0
20251206_2100,0
20251206_2200,0
20251206_2300,0
20251207_0000,0
20251207_0100,0
20251207_0200,0
20251207_0300,0
20251207_0400,0
20251207_0500,0
20251207_0600,0
20251207_0700,0
20251207_0800,0
20251207_0900,0
20251207_1000,0
20251207_1100,0
20251207_1200,0
20251207_1300,0
20251207_1400,0
20251207_1500,0
20251207_1600,0
20251207_1700,0
20251207_1800,0
20251207_1900,0
20251207_2000,0
20251207_2100,0
20251207_2200,0
20251207_2300,0
20251208_0000,0
20251208_0100,0
20251208_0200,0
20251208_0300,0
20251208_0400,0
20251208_0500,0
20251208_0600,0
20251208_0700,0
20251208_0800,0
20251208_0900,0
20251208_1000,0
20251208_1100,0
20251208_1200,0
20251208_1300,0
20251208_1400,0
20251208_1500,0
20251208_1600,0
20251208_1700,0
20251208_1800,0
20251208_1900,0
20251208_2000,0
20251208_2100,0
20251208_2200,0
20251208_2300,0
20251209_0000,0
20251209_0100,0
20251209_0200,0
20251209_0300,0
20251209_0400,0
20251209_0500,0
20251209_0600,0
20251209_0700,178.1
20251209_0800,0
20251209_0900,177.2
20251209_1000,177.2
20251209_1100,177.2
20251209_1200,177.2
20251209_1300,176
20251209_1400,177.2
20251209_1500,177.2
20251209_1600,177.2
20251209_1700,177.2
20251209_1800,177.2
20251209_1900,0
20251209_2000,177.4
20251209_2100,177.2
20251209_2200,178.5
20251209_2300,177.2
20251210_0000,177.2
20251210_0100,177.2
20251210_0200,0
20251210_0300,0
20251210_0400,177.2
20251210_0500,177.1
20251210_0600,177.1
20251210_0700,177
20251210_0800,178.5
20251210_0900,177.2
20251210_1000,0
20251210_1100,178.1
20251210_1200,0
20251210_1300,178.4
20251210_1400,0
20251210_1500,0
20251210_1600,178.4
20251210_1700,178.4
20251210_1800,178.6
20251210_1900,178.3
20251210_2000,0
20251210_2100,178.4
20251210_2200,178.4
20251210_2300,178.4
20251211_0000,0
20251211_0100,178.5
20251211_0200,178.4
20251211_0300,178.4
20251211_0400,0
20251211_0500,178.5
20251211_0600,177.4
20251211_0700,0
20251211_0800,178.4
20251211_0900,0
20251211_1000,178.4
20251211_1100,178.1
20251211_1200,0
20251211_1300,177.2
20251211_1400,177.2
20251211_1500,177.2
20251211_1600,177.2
20251211_1700,177.2
20251211_1800,177.2
20251211_1900,177.2
20251211_2000,177.2
20251211_2100,177.2
20251211_2200,177.2
20251211_2300,177.2
20251212_0000,177.2
20251212_0100,177.2
20251212_0200,177.2
20251212_0300,177.2
20251212_0400,177.2
20251212_0500,177.3
20251212_0600,0
20251212_0700,177.2
20251212_0800,177.2
20251212_0900,177.2
20251212_1000,177.2
20251212_1100,177.2
20251212_1200,177.2
20251212_1300,177.2
20251212_1400,177.2
20251212_1500,177.2
20251212_1600,0
20251212_1700,177.2
20251212_1800,177.2
20251212_1900,177.2
20251212_2000,177.2
20251212_2100,177.2
20251212_2200,177.2
20251212_2300,177.2
20251213_0000,177.2
20251213_0100,177.2
20251213_0200,177.2
20251213_0300,177.3
20251213_0400,0
20251213_0500,177.2
20251213_0600,177.2
20251213_0700,177.2
20251213_0800,177.2
20251213_0900,177.2
20251213_1000,177.2
20251213_1100,177.2
20251213_1200,177.2
20251213_1300,177.2
20251213_1400,177.2
20251213_1500,177.2
20251213_1600,177.2
20251213_1700,177.2
20251213_1800,177.2
20251213_1900,177.2
20251213_2000,177.2
20251213_2100,177.2
20251213_2200,177.1
20251213_2300,0
20251214_0000,177.8
20251214_0100,177.6
20251214_0200,177.5
20251214_0300,0
20251214_0400,177.1
20251214_0500,0
20251214_0600,178
20251214_0700,0
20251214_0800,177.3
20251214_0900,177.2
20251214_1000,177.2
20251214_1100,177.2
20251214_1200,177.2
20251214_1300,177.2
20251214_1400,177.2
20251214_1500,177.2
20251214_1600,177.2
20251214_1700,177.2
20251214_1800,177.2
20251214_1900,177.2
20251214_2000,177.2
20251214_2100,177.2
20251214_2200,177.2
20251214_2300,177.2
20251215_0000,177.2
20251215_0100,177.2
20251215_0200,177.2
20251215_0300,177.2
20251215_0400,177.2
20251215_0500,177.2
20251215_0600,177.2
20251215_0700,177.2
20251215_0800,178.8
20251215_0900,177
20251215_1000,178.2
20251215_1100,178.1
20251215_1200,0
20251215_1300,0
20251215_1400,0
20251215_1500,0
20251215_1600,0
20251215_1700,0
20251215_1800,0
20251215_1900,0
20251215_2000,0
20251215_2100,0
20251215_2200,178.2
20251215_2300,0
20251216_0000,0
20251216_0100,0
20251216_0200,177.3
20251216_0300,0
20251216_0400,178.1
20251216_0500,177.1
20251216_0600,178.4
20251216_0700,177.2
20251216_0800,177.2
20251216_0900,177.2
20251216_1000,177.2
20251216_1100,177.2
20251216_1200,177.1
20251216_1300,0
20251216_1400,177.1
20251216_1500,0
20251216_1600,178.3
20251216_1700,178.1
20251216_1800,0
20251216_1900,0
20251216_2000,178.6
20251216_2100,0
20251216_2200,177.2
20251216_2300,177.2
20251217_0000,177.2
20251217_0100,177.2
20251217_0200,177.2
20251217_0300,177.2
20251217_0400,177.2
20251217_0500,177.2
20251217_0600,177.2
20251217_0700,177.2
20251217_0800,177.2
20251217_0900,177.2
20251217_1000,177.2
20251217_1100,177.2
20251217_1200,177.2
20251217_1300,177.2
20251217_1400,177.2
20251217_1500,177.2
20251217_1600,177.2
20251217_1700,177.2
20251217_1800,177.2
20251217_1900,177.2
20251217_2000,177.2
20251217_2100,177.2
20251217_2200,177.2
20251217_2300,177.2
20251218_0000,177.2
20251218_0100,177.2
20251218_0200,177.2
20251218_0300,177.2
20251218_0400,177.2
20251218_0500,177.2
20251218_0600,177.2
20251218_0700,177.2
20251218_0800,177.2
20251218_0900,177.2
20251218_1000,177.2
20251218_1100,177.2
20251218_1200,177.2
20251218_1300,177.2
20251218_1400,177.2
20251218_1500,177.2
20251218_1600,177.2
20251218_1700,177.2
20251218_1800,177.1
20251218_1900,0
20251218_2000,177.2
20251218_2100,177.2
20251218_2200,177.2
20251218_2300,177.2
20251219_0000,177.2
20251219_0100,177.7
20251219_0200,177.8
20251219_0300,177.2
20251219_0400,177.2
20251219_0500,177.2
20251219_0600,177.2
20251219_0700,177.2
20251219_0800,177.2
20251219_0900,177.2
20251219_1000,177.2
20251219_1100,177.2
20251219_1200,177.2
20251219_1300,177.2
20251219_1400,177.2
20251219_1500,177.2
20251219_1600,177.2
20251219_1700,177.2
20251219_1800,177.2
20251219_1900,177.2
20251219_2000,177.2
20251219_2100,177.2
20251219_2200,177.2
20251219_2300,177.2
20251220_0000,177.2
20251220_0100,177.2
20251220_0200,177.2
20251220_0300,177.2
20251220_0400,177.2
20251220_0500,177.2
20251220_0600,177.2
20251220_0700,177.2
20251220_0800,177.2
20251220_0900,177.2
20251220_1000,177.2
20251220_1100,177.2
20251220_1200,177.2
20251220_1300,177.2
20251220_1400,177.2
20251220_1500,177.2
20251220_1600,177.2
20251220_1700,177.2
20251220_1800,177.2
20251220_1900,177.2
20251220_2000,177.2
20251220_2100,177.2
20251220_2200,177.2
20251220_2300,177.2
20251221_0000,177.2
20251221_0100,177.2
20251221_0200,177.2
20251221_0300,177.2
20251221_0400,177.2
20251221_0500,177.2
20251221_0600,177.2
20251221_0700,177.3
20251221_0800,177.2
20251221_0900,177.2
20251221_1000,177.2
20251221_1100,177.2
20251221_1200,177.9
20251221_1300,177.2
20251221_1400,177.2
20251221_1500,177.2
20251221_1600,0
20251221_1700,177.2
20251221_1800,177.2
20251221_1900,177.2
20251221_2000,177.2
20251221_2100,177.2
20251221_2200,177.2
20251221_2300,177.2
20251222_0000,177.2
20251222_0100,0
20251222_0200,177.3
20251222_0300,177.2
20251222_0400,177.2
20251222_0500,177.2
20251222_0600,177.2
20251222_0700,177.2
20251222_0800,177.2
20251222_0900,177.2
20251222_1000,177.2
20251222_1100,177.2
20251222_1200,177.2
20251222_1300,177.2
20251222_1400,177.2
20251222_1500,177.2
20251222_1600,177.2
20251222_1700,177.2
20251222_1800,177.2
20251222_1900,177.2
20251222_2000,177.2
20251222_2100,177.2
20251222_2200,177.2
20251222_2300,177.2
20251223_0000,177.2
20251223_0100,177.2
20251223_0200,177.2
20251223_0300,177.2
20251223_0400,177.2
20251223_0500,177.2
20251223_0600,177.2
20251223_0700,177.2
20251223_0800,177.2
20251223_0900,177.2
20251223_1000,177.2
20251223_1100,177.2
20251223_1200,177.2
20251223_1300,177.3
20251223_1400,177.2
20251223_1500,177.2
20251223_1600,177.2
20251223_1700,177.2
20251223_1800,177.2
20251223_1900,177.2
20251223_2000,177.2
20251223_2100,177.2
20251223_2200,177.2
20251223_2300,177.2
20251224_0000,177.2
20251224_0100,177.2
20251224_0200,177.2
20251224_0300,177.2
20251224_0400,177.2
20251224_0500,177.2
20251224_0600,177.2
20251224_0700,177.2
20251224_0800,177.2
20251224_0900,177.2
20251224_1000,177.2
20251224_1100,177.2
20251224_1200,177.2
20251224_1300,177.2
20251224_1400,177.2
20251224_1500,177.2
20251224_1600,177.2
20251224_1700,177.2
20251224_1800,177.2
20251224_1900,177.2
20251224_2000,177.2
20251224_2100,177.2
20251224_2200,177.2
20251224_2300,177.2
20251225_0000,177.2
20251225_0100,177.2
20251225_0200,177.2
20251225_0300,0
20251225_0400,0
20251225_0500,0
20251225_0600,178.1
20251225_0700,178
20251225_0800,178.2
20251225_0900,0
20251225_1000,178
20251225_1100,177.9
20251225_1200,178.2
20251225_1300,178.1
20251225_1400,178.2
20251225_1500,0
20251225_1600,178.2
20251225_1700,178
20251225_1800,177.1
20251225_1900,178
20251225_2000,0
20251225_2100,178.2
20251225_2200,177.1
20251225_2300,177.2
20251226_0000,0
20251226_0100,0
20251226_0200,177.2
20251226_0300,177.2
20251226_0400,177.2
20251226_0500,177.2
20251226_0600,177.2
20251226_0700,177.2
20251226_0800,177.2
20251226_0900,177.2
20251226_1000,177.2
20251226_1100,177.2
20251226_1200,177.2
20251226_1300,177.2
20251226_1400,177.2
20251226_1500,177.2
20251226_1600,177.2
20251226_1700,177.2
20251226_1800,177.2
20251226_1900,177.2
20251226_2000,177.2
20251226_2100,177.2
20251226_2200,177.2
20251226_2300,177.4
20251227_0000,177.2
20251227_0100,177.2
20251227_0200,177.2
20251227_0300,177.2
20251227_0400,177.2
20251227_0500,177.2
20251227_0600,177.2
20251227_0700,0
20251227_0800,177.2
20251227_0900,177.2
20251227_1000,177.2
20251227_1100,177.2
20251227_1200,177.2
20251227_1300,177.2
20251227_1400,177.2
20251227_1500,177.2
20251227_1600,177.2
20251227_1700,177.2
20251227_1800,177.2
20251227_1900,177.2
20251227_2000,177.2
20251227_2100,177.2
20251227_2200,177.2
20251227_2300,177.2
20251228_0000,177.2
20251228_0100,177.2
20251228_0200,177.2
20251228_0300,177.2
20251228_0400,177.2
20251228_0500,177.2
20251228_0600,177.2
20251228_0700,177.2
20251228_0800,177.2
20251228_0900,177.2
20251228_1000,177.2
20251228_1100,177.2
20251228_1200,177.2
20251228_1300,177.2
20251228_1400,177.2
20251228_1500,177.2
20251228_1600,177.2
20251228_1700,177
20251228_1800,178.4
20251228_1900,0
20251228_2000,178
20251228_2100,178.1
20251228_2200,178.3
20251228_2300,0
20251229_0000,178
20251229_0100,0
20251229_0200,178.4
20251229_0300,0
20251229_0400,0
20251229_0500,0
20251229_0600,0
20251229_0700,0
20251229_0800,0
20251229_0900,0
20251229_1000,0
20251229_1100,0
20251229_1200,0
20251229_1300,0
20251229_1400,0
20251229_1500,0
20251229_1600,0
20251229_1700,177.6
20251229_1800,0
20251229_1900,177.4
20251229_2000,0
20251229_2100,0
20251229_2200,0
20251229_2300,177.2
20251230_0000,0
20251230_0100,177.2
20251230_0200,177.2
20251230_0300,177.2
20251230_0400,177.2
20251230_0500,177.2
20251230_0600,177.2
20251230_0700,177.2
20251230_0800,177.2
20251230_0900,177.2
20251230_1000,177.2
20251230_1100,177.2
20251230_1200,177.2
20251230_1300,177.2
20251230_1400,177.2
20251230_1500,177.2
20251230_1600,177.2
20251230_1700,177.2
20251230_1800,177.2
20251230_1900,177.2
20251230_2000,177.2
20251230_2100,177.2
20251230_2200,177.2
20251230_2300,177.2
20251231_0000,177.2
20251231_0100,177.2
20251231_0200,177.2
20251231_0300,177.2
20251231_0400,177.2
20251231_0500,177.2
20251231_0600,177.2
20251231_0700,177.2
20251231_0800,177.2
20251231_0900,177.2
20251231_1000,177.2
20251231_1100,177.2
20251231_1200,177.2
20251231_1300,177.2
20251231_1400,177.2
20251231_1500,177.2
20251231_1600,177.2
20251231_1700,177.2
20251231_1800,177.2
20251231_1900,177.2
20251231_2000,177.2
20251231_2100,177.2
20251231_2200,177.2
20251231_2300,177.2
